spotify_id,song_name,feature
1SBo8LdLGOieucdStHz6iV,Home To You (This Christmas),"sigrid,hometoyou(thischristmas),2021"
3Je6X9MikiAZqi7x7Wfu0t,Tid & Tro,"victorleksell,tid&tro,2024"
6SYd9stPpCzbuLAeU3FR9K,Amalobolo,"kelvinmomo,babalwam,stixx,niapearl,kurhula,2023"
0fKwOY2Z6oB9ntoNDR13nP,Jul i svingen,"ingebjørgbratland,inasvenningdal,klokkenekallar,2020"
1p6AnftoxhGTuei5RnsvIy,Bematlab,"asimazhar,talhaanjum,bematlab,2024"
72mpLVMCFHmrV31xiJj6Vt,I Hate Myself Sometimes,"patrickbrasca,李浩瑋howardlee,ihatemyselfsometimes,2023"
5jDcoEETEDGuFlKhPm6eIq,Baklava,"gya,babasha,baklava,2024"
6JT14ClOdCYWL3LgyROqAI,Suutari,"costi,suutari,2024"
7FAjtmj2btmDvniG0eSJR8,SUBMARINER,"simbalarue,tunnel,2024"
5bFz7S7cxnLMaNrdS11r37,Say Goodbye 2.0,"ufo361,motive,yungkafa&kücükefendi,saygoodbye2.0,2024"
67smGwuPEtA6GAfeweAVNO,SLAY!,"eternxlkz,slay!,2024"
2kpVbauiG7Tcue6kZPKYNG,Goodbye,"pun,goodbye,2024"
0ep9M4S1kuMjkaSGof7dZt,STJÖRNUHRAP,"lukkuláki,issi,stjörnuhrap,2024"
0PRX6CXffB3cARlzNCkmR4,Selmas sang (fra Snøfall),"evaweelskram,selmassang(frasnøfall),2016"
1D7EPvrBZpKfa8ff0nOVtn,Oikee mies,"egezulu,joel,oikeemies,2023"
1p6ewW5oS6NerlFRbQ3Mow,Hyati,"duke,hyati,2023"
21xzasfNyth66koAVTkNTA,Wo3ood,"afroto,moaazhamed,wo3ood,2024"
0hcY1gJD8yQWdgi2oGVZCG,Apkabink,"jessicashy,pasaka,2023"
15mI8eh3ke97hPb8gZQxyh,Pasarg' dievs,"wiesulis,sangvn,enprise,2024"
1ewzs8xG9P7wSZhpp8VCuy,On My Love,"zaralarsson,davidguetta,venus,2024"
0djkJ3iAARXRCbfbwwVc3o,Love wins all,"iu,lovewinsall,2024"
0bSEor7VCHPuRiwyT6dvTM,Malafede,"clubdogo,clubdogo,2024"
0nI4wU2023g1mFho21Vddr,Tiara,"manuel,tiara,2024"
3cDyocF0Ibdfs1SFQk5cLZ,Lollipop,"darell,everybodygotothediscotek,2023"
5Ijyfw9ZNXM76QMjxMVN4F,Not Afraid of Love - Radio Mix,"rexton,notafraidoflove,2024"
78OyiEbWmcxWGWyNVUugAY,Drive By,"toquel,beyond,1111,2023"
5MIpcd16T59wFeqAChSYwC,Duka,"lastchild,duka,2016"
0HUapsBY3CrGXtMzUrsOvY,This World Is Our Home,"douwebob,thisworldisourhome,2023"
60vt0ejRx1TMZ5tlsTvwUD,Gipsy Trap,"lava,ropexlaterio,gipsytrap,2023"
78W4mTLIh4qoLu92W4IQhO,ライラック,"mrs.greenapple,ライラック,2024"
2w0SUuWEDOTASoyOxK0qS9,Trīsstūris,"netīrāscilpas,3adatustagars,melnezeragrāmata,2023"
1ic0b3srMKuadfg4z9TSLK,Copenhagen,"topgunn,dkgoat,2023"
2Av0edsa5PurEUQ08hDdAI,My Love,"dafinazeqiri,mylove,2023"
25AXEJUUBxjB4dPTbML2Tl,ALLAR STELPURNAR,"patri!k,pbt,2023"
1RdJBwpiYkf3mB8Tlak7ck,Marry,"khaid,shallipopi,marry,2023"
7B031z9YdKTBBhblIFsLqJ,Who we are,"c.gambino,inmemoryofsomestandupguys,2024"
6rpb0yO1BPkdVf7OF4n9TL,Mi Camino,"engelmontaz,latinnitesmusic,micamino,2023"
1GQZ5JNh3l1YPhBGihelHm,SPETTACOLARE,"maninni,spettacolare,2024"
4kcMDgaU8xb4otoDv5c4kD,Drive,"gibbs,opał,jonatan,4money,safe,2023"
4mVDYu5SYxeKK9BhEnlstT,Час,"viviennemort,досвід,2018"
3yAwJUQvl2dZ9hU21lcaLx,Tuhoaisti,"kuumaa,tuhoaisti,2024"
2EGhWibslAqHYryIQUXVPj,City Boys,"sadam,mikeg,golgothas,2024"
6jRyCWUAnRVir3OK4jSZvV,さよーならまたいつか！- Sayonara,"kenshiyonezu,さよーならまたいつか！-sayonara,2024"
4FOvxRnTuU2FWaEoJ58zL3,CHOPPY CHOPPY,"produce101japanthegirls,produce101japanthegirls,2023"
4GLmfc26LRlW5otKs6TewR,QUE SED,"luckra,ulisesbueno,quesed,2024"
4k4V1bugfnZ6ps7VMSXlFd,Minna,"arttuwiskari,minna,2023"
1txhQHV26PyOJJarkYtkOn,TU$$I (with Dei V),"yovngchimi,deiv,wlgs,2023"
0qC4KxOmWoSaMqwj9rHp49,Alo Aleky,"mohammedsaeed,aloaleky,2022"
5WAFaje0Cs3hHhNqjUIfY6,Ex Convict,"shallipopi,exconvict,2023"
7wue5LasVYYkXBBmblfavk,El Dalaa,"bahaasultan,eldalaa,2023"
5rqeYyQ1EpbEJKkH4cgncs,בין העיר לפרדס,"tuna,ביןהעירלפרדס,2024"
7jnKJJB0H7Pl3uyw9ifY7X,Storebæltsbroen,"guldimund,storebæltsbroen,2024"
02qAdqcn1HGt3RMWMTDkSe,Twe Twe,"kizzdaniel,twetwe,2023"
2G8vllTUQQHBjZORXRsMVP,Blue Eyed Māori,"corrella,roadfrom26,2023"
5BiSAqXhrMRoxvDd34vBXT,لما بيوحشني,"ramysabry,معاياهتبدع,2023"
5NNNl3xR8b4E5hM6zd3wTC,cool,"grey256,tentokrát,2024"
357iDuZ0IXAAg3Aj7UszqO,Buscando Money,"twentysix,taysonkryss,buscandomoney,2023"
3wShSQczmwl6BwPqzRy1J9,Canudinho - Ao Vivo,"gusttavolima,anacastela,paraísoparticularvol.01(aovivo),2024"
3IoAMvGFYzM05B64h7qmdf,PAPERWORK,"kanyewest,tydolla$ign,vultures1,2024"
2MHiE76HdeJznaQtrLwBug,I En Stjerneregn Af Sne - Fra julekalenderen 'Tvillingerne og Julemanden',"madslanger,ienstjerneregnafsne(frajulekalenderen'tvillingerneogjulemanden'),2013"
4uvnHIXK2Pk1AYjBLI5IYG,Sur le banc (feat. SDM),"leto,sdm,trap$tar3,2023"
26i4jKBlWSrlzpiB9V9gDB,Fata cu paharul,"iulyneamtu,manelementolate,fatacupaharul,2022"
3B9CL5t32mM2SDdps2IhYM,Guli Mata,"saadlamjarred,shreyaghoshal,rajatnagpal,gulimata,2023"
15ECUqelDATVKncbeVcXtt,gud vær snill la meg bli,"ramón,emeliehollow,hvergangvimøtes,hvergangvimøtes2024,2024"
0SAGpMJQz3XdfRFdwuSX9b,FILTRO,"deparranda,luisvega,filtro,2023"
1dBroK67DSaaEE5kvkVjzG,作品的說話,"keungto,作品的說話,2022"
2C2G5bh0reFJh7FgBz9dIP,Iubire in Rate,"iulyneamtu,ministerulmanelelor,iubireinrate,2024"
3atoN74BRD90F3NRo4uhUo,30 under 30,"hov1,30under30,2024"
742ldXChILBv6QeqaXoOWi,555 (feat. KESI),"gilli,kesi,kikoclub,2023"
6qH13nFm1WP3sFA4Z6YMkE,BRITNEY,"obladaet,playersclub2,2023"
6IHLOkgZftkcqS3fM0jMCT,Em Xinh,"mono,onionn.,đẹp,2023"
4dvfxZKehPxpz3UZ7A5Fni,Yimmy Yimmy,"tayc,shreyaghoshal,rajatnagpal,jacquelinefernandez,yimmyyimmy,2024"
3KRwYDQt79HltHM1YHzQbl,Machiavelli (feat. Simba La Rue),"ghali,simbalarue,pizzakebabvol.1,2023"
5BOCqcH0TPqMLOo17dFscB,Bejšíí,"separ,peterpann,bejšíí,2023"
0u6JsFiEEXb6kaF0oqyeFi,Ya No Vuelvas (Versión Cuarteto),"luckra,lak'onga,kepersonajes,quenosfaltetodo,2024"
0u8rZGtXJrLtiSe34FPjGG,Like Crazy (English Version),"jimin,face,2023"
2pqIaYg12ziqIpVtdVESGt,"Amalobolo (feat. Stixx, Nia Pearl)","kelvinmomo,babalwam,niapearl,stixx,kurhula,2023"
7qEHsqek33rTcFNT9PFqLf,Someone You Loved,"lewiscapaldi,divinelyuninspiredtoahellishextent,2019"
0dSkwXX1PZ9mb2O26V68bZ,VEZÉREGYÉNISÉG,"beton.hofi,danpinto,0,2024"
3lMzT16MjAKKXF7pSZn13B,Tell Ur Girlfriend,"laybankz,tellurgirlfriend,2024"
35XxW360SO3puJQDfuaY4r,鲜花,"回春丹,鲜花,2023"
7uQZVznj0uQOGC9KhV2Mg6,LALISA,"lisa,lalisa,2021"
19Lap3pvucrN4aEBmmBZRn,2 Kanoner,"merro8,2kanoner,2023"
730eP2Ndifb7WUPerT4Nes,Seni Seviyorum (Live),"mertdemir,seniseviyorum(live),2024"
4NhPbSqVQjnwALTZrhXdfD,Ça fait longtemps,"plk,chambre140(part.3),2024"
3pHedpfRhjtt6Adzmu2kpO,Stunttaa,"gettomasa,stunttaa,2024"
2riBo7Y0x7MoFCN6fv5yue,Perlai,"sel,aškaipžąsis,2014"
0ijhrXZzrNY7o5j7k8I6bP,Collage,"rougecaapitol,collage,2023"
1YgIvHDTvi1vosins1jyAC,Amapiano,"asake,olamide,workofart,2023"
6pxPaZVBjeYTK4YrQ8LbxL,والله ذلّه - مسرع || عراقي,"museqarfm,speedupعراقي,2023"
3azJifCSqg9fRij2yKIbWz,The Color Violet,"torylanez,aloneatprom,2021"
0WFyQgDzbQCfJuxcHW4Zrt,Himmel På Jord,"kurtnilsen,thenorwegianradioorchestra,haveyourselfamerrylittlechristmas,2010"
5CqO0vPgia1781FOP2CjdE,Messy,"light,messy,2024"
4RbCdwPPk5XUpTrxAvntGM,CONDENADO AL EXITO II,"blessd,sisabe,2024"
0K9tfzrxJyCQIf7oAlPwaK,YA YA,"beyoncé,cowboycarter,2024"
4RglJQMuFuC06tiqN5rRU0,Cringowy Lovesong,"youngleosia,psr,cringowylovesong,2023"
0FCe2NhPWKiSTAipf0lOAT,Chor,"justh,chor,2023"
587Ks4sb6Wd2qRVS5i9fdW,Big Foot,"nickiminaj,bigfoot,2024"
2VYT8yaxvwXyRvAWZqM7Ws,Prywatny bal,"cyrko,d3w,prywatnybal,2023"
29n9XXLEVWRMRPNqEWY11b,Жы Ши,"литвин,жыши,2023"
47hsUYxvbTlBAN3sP9dEOd,Love Me JeJe,"tems,lovemejeje,2024"
4lFnfbRhGSpTm17XKGcXs6,Yo Te Llamo,"jeyson,smilebeats,de0a100,2023"
4snJ71Uz5KvX1CW0SaUiZY,Falsos Recuerdos,"abrahammateo,omarmontes,falsosrecuerdos,2024"
0OA5FSqjpBLstcdYg8PujX,benny,"andreasodbjerg,benny,2024"
4Rlbzn3nj9XJMZTijQUXMs,Palagi,"tjmonterde,sarilingmundo,2024"
0aRAYNUQt0GI79ZrHsuw0n,Toxic,"oscar,înapoilaviață,2022"
207k6OTpBDzXXnb9RAlMyO,JUMPSHOT (feat. Summer Cem),"capo,summercem,allesaufschwarz,2024"
0JvlaGyGok0jMp8wCQhI9p,NIENAWIDZĘ WARSZAWY!,"chivas,bedoes2115,nienawidzęwarszawy!,2024"
6XXKB32Om6WuXg3uEWwTob,imperfect for you,"arianagrande,eternalsunshine,2024"
65zIby9Z03d1bhGvLNJNrA,Soaked,"shysmith,soaked,2021"
2CeKVsFFXG4QzA415QygGb,Feliz Cumpleaños Ferxxo,"feid,felizcumpleañosferxxotepirateamoselálbum,2022"
5HPCoFIPcckTMWF0wc6ncG,Svaneflex,"sondergaard,svaneflex,2022"
3nfvdRKJiaOXrznB5P2FHD,PROSOPIKA FREESTYLE,"toquel,beyond,1111,2023"
2raFBS5ysJMxhd755bvAcf,JET_Set.mp3,"emilia,nathypeluso,.mp3,2023"
1PTWicTyEUeYeWq4H25a4N,leavemealone,"fredagain..,babykeem,usb,2022"
7MMsotK7YIHmWfgmKdcivz,Romeo si Julieta,"alexbotea,romeosijulieta,2023"
1bNHljyfq75Hcl2selYvLH,Supernatural,"adamwoods,supernatural,2024"
658Ix2xJDw8uawc2lVJa4k,Вдох,"триднядождя,melancholia,2023"
5qI5EUqfDJpQ7w6sMECK7U,Super Lady,"(g)i-dle,2,2024"
3jGAopCdOdDm2GI6U2EDnP,umbne,"an-marlen,boipepperoni,umbne,2024"
3Au0H4VhjcXZ5HGOHo8Nc3,רונדלים,"static,לירז,2023"
2zbr6Jls3FE4JCtLwCPD5N,Sent,"artigeardit,lamin,sent,2024"
01HSpl4qroZmNqHH8Z3B29,Lyse Morgen,"jamaika,carmon,championship,2023"
24lbO7qor0IB4u9uu8pDw8,Makasarili Malambing (feat. Hev Abi),"kristinadawn,hevabi,makasarilimalambing(feat.hevabi),2023"
1kolqJR4ZYYfuZy7v5GwBx,Poesia Acústica 15,"pineapplestormtv,salvemalak,mcpozedorodo,luizlins,mchariel,azzy,jayaluuck,oruam,slipmami,mccabelinho,chefin,poesiaacústica15,2023"
0YxKKO272sacGBJKjf6FnB,Saari Duniya Jalaa Denge,"jaani,bpraak,animal,2023"
7Gfzl9QQrLcwtKV0G7x5Hf,Misstag,"missli,misstag,2024"
089PFeXotzDLNQz9NCk6pF,No More Dream,"bts,2cool4skool,2013"
3VjtC9G89HrlWKwd1TuWwk,Джентълмен,"medi,джентълмен,2023"
2psbE7Ds01Xz2MaMIk7APk,Rugpjūtis,"justinasjarutis,jessicashy,rugpjūtis,2021"
0peRfvtx1Je91FxQtii5DJ,Chyba że z Tobą,"modelki,vłodarski,chybażeztobą,2024"
7rzzvtKLYsspPF8aUBghlF,ENVIGADO,"ryancastro,blessd,zion,elcantantedelghetto,2024"
0SbObewB36qKLWcaxMntej,بأمارة مين,"farid,بأمارةمين,2022"
5zEElpWMDT4RddUueH27Hi,Pitoleo,"kreizyk,yaisellm,pitoleo,2024"
7GPRNGY6tvd5bayihc3AMt,Ko Tu Lūr,"mimicus,magone,horensstalbe,kapteinisreinis,kotulūr,2024"
0LMwmV37RCmBO2so0szAFs,Whatever,"kygo,avamax,whatever,2024"
7EaJ7n3cuFmjtq2nLkRVrQ,Vitej,"vadak,vitej,2018"
4H8mFU6lQDvHVi4pIqrvku,"Bentley (feat. Simba La Rue, J Lord)","babygang,simbalarue,jlord,innocente(deluxeedition),2023"
1OSuzW75FOtBdDNTuWM3wy,Generation,"made,baré,shabab,azu,bayor,biggie68,skandal,generation,2023"
6PnSITYfgUE5vTCLRy3Y8S,جننت قلبي,"majidalmohandis,جننتقلبي,2023"
4LBkEsigdY1ojpMUXf9KXq,Чина,"irinakairatovna,чина,2023"
6irysuQyZWd7Bjj7ePiOs2,Holanda,"jhayco,holanda,2023"
5aasUgkPxYhqKcxmNLotmH,Når himmelen faller ned,"annegretepreus,mosaikk(16biter),1998"
0O3U5iwTbiXCREMkvotJuN,EL AMOR DE SU VIDA,"grupofrontera,grupofirme,elcomienzo,2023"
3WyrKzgCeGQQcUtW8ZwLMP,Busy,"capoplaza,ferite,2024"
1ySufTD0HSLj14eD1rKg66,Comeback,"sexmane,comeback,2023"
4ZBe9Plh2adT70U4PDxve1,Luktelk,"silvesterbelt,luktelk,2024"
12zIIWVV5guPmsV7yQGsOM,Vastustamaton,"gettomasa,vastustamaton,2022"
3LSVGHaeHEImPdNM3JUykE,เสนอตัว (Ooh!),"ppkrit,เสนอตัว(ooh!),2024"
6zu98XBex3ksqNSlqJp8jh,na Circus,"friendlythug52ngg,skryptonite,cristoforocolombo,2023"
1oh3WIRKgoNi60o9SMykwS,Woseltelha,"haifawehbe,woseltelha,2024"
7BPcWZDSRLdMbOybXlspcC,Bærum Bitches (Mannschaft),"søteograregutter,mannschaft,bærumbitches(mannschaft),2024"
0klIln517VMntb0BAesVuR,Adrenalean,"menacesantana,adrenalean,2024"
4MsOD2fBtHHIyyKY4acddP,6G,"booba,6g,2024"
6hqel7QjWBsjk1LJG6J0pD,Funk 99,"shakes&les,leemckrazy,funkseries,2024"
2hHC2jw8qiE4IAPDGjU4Fu,"Gelosa (feat. Shiva, Sfera Ebbasta, Guè)","finesse,shiva,sferaebbasta,guè,gelosa(feat.shiva,sferaebbasta,guè),2023"
7rHLpc3SZobYPDyBF06uok,LAF,"blok3,laf,2024"
7iKwOfZC2rAVOYfaUfmzHS,RAP,"otsochodzi,lohleq,rap,2024"
7x9k2je3SpVSS5UIbAJ9rt,Hello,"nerieš,smart,peterpann,hello,2024"
3bK1zVFBKIzYjmptmI4NsJ,Overdrive (feat. Norma Jean Martine),"ofenbach,normajeanmartine,overdrive(feat.normajeanmartine),2023"
1N0LbbD7X8FBwTuHkHPjvE,Надежда,"medi,надежда,2024"
7Fjz93GKhU5LlTacFAO8ze,Automatic,"c.gambino,automatic,2023"
5ZtK8XAVnoaGdBXZWCEVCY,Lonely At The Top,"asake,workofart,2023"
5tjWDHOCqsbKPuiivil0BM,ARABA,"mlisa,araba,2024"
51yVTZAAXjMuOCiBvN980F,Yatıya,"meliskar,yatıya,2018"
0645eBDehHcqfiF15hscQV,"Janiye (from the Netflix Film ""Chor Nikal Ke Bhaga"")","vishalmishra,rashmeetkaur,janiye(fromthenetflixfilm""chornikalkebhaga""),2023"
3qhlB30KknSejmIvZZLjOD,End of Beginning,"djo,decide,2022"
7gm6N3YXhRy9k7kC6dpRqf,Polish Escape,"freefinga,plastika,2024"
48kCxQOtSAeyB3YucB8Ccs,The Life I Chose,"adekunlegold,thelifeichose,2024"
5RKvst7SDOCTWGlLcF6kSE,Anders,"01099,paul,skiaggu,blauestunden,2023"
2HtBhiPTlE1bFElYq9kGv0,Fake Love,"toquel,rack,beyond,1111,2023"
5doAzQzWfbAWMvh2eXxvdf,Rólad Szól,"kkevin,róladszól,2024"
2WBejVahXeC1gjCXVOlgbq,JEREMY SOCHAN,"oki,bvdy47,jeremysochan,2023"
4MYWrbhij9Hzw0uiISC22V,GARDEN,"kamauu,garden,2024"
4KOOhP4j408oynABFTipkt,Your Halo,"sagesam,yourhalo,2024"
4X99ol0n6puMQpiQyMxHJn,Ulitsata,"preslava,ulitsata,2023"
4ycKgmGOtvuJZVPyvBpVVU,Ikuinen vappu,"jvg,rata/raitti,2019"
5g5vNMF2yJjWtERlMykJeD,ComWiq,"nuqi,23,comwiq,2023"
1gSb8215VMM7zqVq1ihvjl,Jos mä oisin sä,"cledos,josmäoisinsä,2023"
5u7Xi0QhfkYy3qETJJ5lae,Samba de Malandro,"mcpaulindacapital,lovefunk,mcpiedro,djgm,djwn,mcryansp,mcdaniel,sambademalandro,2024"
5SP4XIuwGjbA5xTEkTQq7E,อิจฉา,"meyou,อิจฉา-single,2023"
4SLYrBfzgbLmiEdoKajyHL,Ser du månen där du är ikväll? (Tillsammans igen),"thomasstenström,serdumånendärduärikväll?(tillsammansigen),2020"
7to68V64Cu6zk0UDo5tyw3,Confidence,"oceanalley,chiaroscuro,2018"
0MHA5BjCqtYL3T0yZ138mz,Eu Não Dou Conta - Ao Vivo,"israel&rodolffo,mcdonjuan,joãogomes,let'sboraudi,vol.2(aovivo),2024"
4RTtj1vGu82hjp3cDtiqOj,Aller sans retour,"zola,kobalad,allersansretour,2023"
1rPPxVHA0YWiUzxzuFlQDN,仍在,"陳卓賢ian,仍在,2023"
3w392XWJ5bXzjcCR2Dmvqn,Foi Intenso - Ao Vivo,"zéneto&cristiano,anacastela,foiintenso(aovivo),2024"
05CEmWl3xGITe99ZZkgl2c,Rwicha,"7liwa,rwicha,2024"
2a1o6ZejUi8U3wzzOtCOYw,Danza Kuduro,"donomar,lucenzo,meettheorphans,2010"
2NxWFEYOxwBCYtp5lEPbs6,Estrella,"emilioromero,estrella,2023"
5LOnarDCzVh4YcN7EOTzRC,IMPARATOR,"sefo,imparator,2023"
6EWPFLaVPVmuhmA7J3ASP8,PRIMER AVISO,"mariabecerra,ivyqueen,primeraviso,2024"
3A9A7mfVDVm3rrS9SMGhg5,Hư không,"kha,tình,2023"
602d2gJewoiF1FivuOMMwE,Disconnect,"beckyhill,chase&status,disconnect,2023"
0vr5BuZbLB5PJnI1jGjfqr,For Me,"marivee,upstrz,forme,2021"
646hgiXWSjmGUwQmp4HiZz,ESQUIRLA,"feid,ferxxocalipsis,2023"
4MQmxIxM5CXKjdq4IrCWhd,Касета,"sadsvit,cassette,2021"
1VGuvYSbcCbHR1yrojYtiu,ياعراقي يعينك الله,"toomyhfr,toomyhfr,2024"
3U5JVgI2x4rDyHGObzJfNf,Unwritten,"natashabedingfield,unwritten,2004"
6sjGsKuInpaK3uoaWGe22W,Från och med Du,"oskarlinnros,viljabli,2010"
22zSEWIqoJuGeRI2CIfHpU,Oscroh (Pepperline),"shallipopi,presidolapluto,2023"
4hqNaY8uNHrPzW4l3ulDSo,Aduh,"maliq&d'essentials,aduh,2023"
0WiJIa3V9GdcJfcy1FhLjp,Deu Moral - Ao Vivo,"zéneto&cristiano,deumoral(aovivo),2024"
0oa3yysoeOsHiB0PBRHzG8,S u m m e r t i m e,"danicpeepner,summertime,2015"
3SOOMT2jytm1J93CTX3Lnb,Zawsze chciałem,"gibbs,jonatan,safe,2023"
3Kvulmj8KcGhbnOhqHFEht,Cua Cua,"jdaly,cuacua,2023"
6xqQDwzjswlToEEHgvA3KM,1000COSAS,"lolaindigo,manuelturizo,1000cosas,2024"
5tsKgj1Xbk5bL7t3QiPWOR,Diz Aí Qual é o Plano?,"mcig,mcryansp,oruam,mcghdo7,mcgp,mcnegomicha,mcph,mcluki,mcpozedorodo,murilloeltnobeat,traplaudo,dizaíqualéoplano?,2024"
2M7BEoyAzxLBKgnFQqUGmF,DOĞUŞTAN BERİ HAKLIYIM (tmm),"lvbelc5,doğuştanberi̇hakliyim(tmm),2024"
1NifMX1JqCz9caJowG8dxq,"ZEIT, DASS SICH WAS DREHT","$ohobani,herbertgrönemeyer,ericson,zeit,dasssichwasdreht,2024"
3h5TiWTqGxjSjFrbruPFH9,Praise Jah In The Moonlight,"ygmarley,praisejahinthemoonlight,2023"
3GY16GkbrhV1hya2TKsaaj,"SI SI SI SI (feat. Eladio Carrion, Bryant Myers, Dei V)","theacademy:segundamisión,justinquiles,sech,lennytavárez,dalex,dímeloflow,eladiocarrion,bryantmyers,deiv,theacademy:segundamisión,2024"
1BAIaOr39e7FsxRYjbPiyz,โลกที่แบกไว้,"มนัสวีร์,โลกที่แบกไว้,2024"
60BOR51eeN8A3wYIrElggH,אני פה,"oshercohen,odeya,אושר,2023"
4Jc7252S1P99DjQ1lNGEOc,CYBERTRUCK,"badbunny,nadiesabeloquevaapasarmañana,2023"
11P4sSu6BH2lAbWk1sL6cK,Step Into Christmas - Remastered 1995,"eltonjohn,caribou(remastered1995),1974"
1smRP4zRit7A6ZDQXkFJWC,Le Gustan lo' Flaites,"eljoan,celsoelpotente,legustanlo'flaites,2023"
09i3DCifm50ivVqqi3zl9b,Red Dot (feat. Shindy & AJ Tracey),"djjeezy,shindy,ajtracey,reddot(feat.shindy&ajtracey),2023"
7vBNFh3NIZTj6tB5s1IBjE,marjorie,"taylorswift,evermore,2020"
7FDCQfEwJDsOlv655b1Qsv,Alcohol,"emilia,galin,turbulence,2023"
6vdsc40TnfCdZsWj7GecQV,Det Modsatte,"mumle,detmodsatte,2023"
4CJIs5dygfQCbByVKAnK2T,بيكلموني,"ramygamal,خلينيأشوفك,2024"
0h3Xy4V4apMraB5NuM8U7Z,Stumblin' In,"cyril,stumblin'in,2023"
4OqDuY8Yj8Qr0BEMRnmXEK,Нижча зростом,"yaktak,підгітару,2024"
5XVdHRf4CAJ2Jm0uMIy5qY,La Víctima,"xavi,lavíctima,2023"
4dUiCEFw6hzX1EIHeN0x8J,R.I.P,"tagne,elgrandetoto,draganov,lmektoub,2023"
3tEzyNbV0BS9AS0HRSsy3Q,High Tension,"shallipopi,shakespopi,2024"
2PYZBeiZ6ofXQR0Ql7BuGS,RIKERUD,"soppgirobygget,rikerud,2024"
1H0pRoGBLCkgNqMaoXvva5,Animal,"werenoi,pyramide,2024"
1fKFxmSByZfjwVSbq0PHye,Si No Te Tengo / Ángel / Aquello Que Pasó,"kepersonajes,sinotetengo/ángel/aquelloquepasó,2021"
5jFUt6Kj7yEXa2nFzjR9UG,Ole,"bvcovia,ynysebi,snoopdogg,ole,2023"
6RqD0fpAaKEZvQd0QrTj7j,Lo Que Tiene,"morad,benyjr,rvfv,loquetiene,2024"
2vlD1APBebhoBy8Ok5lCUB,GEITONIA III,"mg,snik,phen,geitoniaiii,2023"
4UZ91aYQisCeUTyaw0YxZ2,Ibalgin,"viktorsheen,nsd,2016"
6v9Sbtpt6par16uCnlvm98,Sigo Enamorau',"eladiocarrion,yandel,solmaría,2024"
5zdau2dtmOUHF3CJ3odKfb,נתראה בגלגול הבא,"ששוןאיפרםשאולוב,נתראהבגלגולהבא,2023"
7cygxRmLVXDCQWt15xdRXB,FaceTime,"niktendo,bencristovao,hra1,2024"
69MiNNBC02yBnMW1pmakqi,Pégate Más,"rohernandez,jeyjenm,dazh,elfresa,2024"
6lrKA1DMAihPI490Oj0twC,"Ngilimele (feat. Deep Sen, KingTalkzin, Mthunzi)","mawhoo,deepsen,kingtalkzin,mthunzi,thechosen,2023"
34uMKnzufwyZJWHLcbaYTz,Ржавый,"кишлак,схик2,2023"
7JNPhwzFNg4pb7wZqfR5ms,"MKK (feat. CowBoii, djygubzin.live & Ranger)","kmat,cowboii,djygubzin.live,ranger,mkk(feat.cowboii,djygubzin.live&ranger),2024"
3wcbaeM7n6Y97JpQQJeNVz,Cheiro de Mato,"gabisaiury,kotim,mcpaivazs,djneeh,cheirodemato,2023"
0PWIrADNjGpiXA3EGjIbTW,maasta taivaaseen,"pehmoaino,soittorasia,2024"
0bC5zT5eItHOF8Oz6RdD12,你的世界,"terencelam,你的世界,2023"
0zVk3uuV9UhxAt48F3OL12,Holy Ghost,"omahlay,holyghost,2023"
2kiC5fopiYY3YbpZvZE3Pf,DECIBEL,"mohelá,naod,decibel,2024"
18ilJfI0M9nkz2O3EnT9cS,AM4,"shimmi,similivinlife,gabriell,benihana,2024"
05wb6MEyJeG2z1MVCIXxC8,15 Piani,"sferaebbasta,x2vr,2023"
2sTDlCxmuZCTDKKk9f1qus,WHERE SHE GOES,"badbunny,nadiesabeloquevaapasarmañana,2023"
0hvsOvo1zARlNnmHNhrxIF,Adiós Amor / Oye Mujer,"kepersonajes,adiósamor/oyemujer,2020"
4QfikoJtCEiOj7G5R9m3sP,For Life (feat. Nile Rodgers),"kygo,zakabel,nilerodgers,forlife(feat.nilerodgers),2024"
51E7KRgoeTzCJeilsoS2Cg,Cariceps,"danimocanu,alexvelea,cariceps,2023"
0fBK1og2qGc1vSdEln0sFs,mariana.árok,"azahriah,skatulyai,2024"
46FKKQrKaQJVz1kZNr3Aid,FEEL OR BEEF BADPOP IS DEAD,"namedarumaaz,feelorbeefbadpopisdead,2023"
0FpgtEgaMZSUw2RAD7JHGs,U Hřiště 380,"rohony,mdmx,uhřiště380,2023"
4uDyEmWYoyfi2azbGS4IVs,nimm mit,"paulahartmann,makko,kleinefeuer,2024"
5o7YSTsbNeo98lSacuNIi5,Salt El Zein - صلاة الزين,"doublezuksh,saltelzein-صلاةالزين,2023"
3pkKb7bj2eVQjNaHOGzYSf,NIKEY,"stormy,dizzydros,iceberg,2024"
7ouBSPZKQpm7zQz2leJXta,"Tum Hi Ho (From ""Aashiqui 2"")","arijitsingh,ultimatelovesongs-arijitsingh,2020"
60QN1JrgYM7jcfW8pdQFqT,Sinceramente,"annalisa,epoisiamofinitinelvortice,2023"
5yyYL1FpimADTIftYQU0cg,iPlan,"dlalathukzin,zaba,sykes,permanentmusic3,2023"
0mflMxspEfB0VbI1kyLiAv,Stick Season,"noahkahan,stickseason,2022"
52EgkN1E6pqOJ0AL2YWxfs,Görmem Böylesini,"sefo,simge,görmemböylesini,2023"
1hdWqiFAy5hNRxyVpDy81P,Bênção,"mizzymiles,bispo,vanzee,bênção,2024"
2TE4xW3ImvpltVU0cPcKUn,Merry Christmas Everyone,"shakin'stevens,merrychristmaseveryone,1991"
3xGgg3JwUJYcek3pX47hP6,意外現場,"yanting,意外現場,2022"
0IJEnvu1p4OIzkY8UiQXCt,Lambo (feat. VJ),"davi,vj,lambo(feat.vj),2023"
618OKP1lBkNJL8uZdNSvQE,MANIAC,"viviz,the4thminialbum'versus',2023"
1i6zfWUM5pOKn896EB0b4d,Plapper nicht,"shahri,sama,plappernicht,2024"
6K4Opq24wkYBidAuLpqutv,Fighter - Eurovision Version,"tali,fighter(eurovisionversion),2024"
6XeFd9KCGi7zz5U9KHqCyx,Louloudi Tou Dromou,"yorgosrous,rousii,2017"
5gEkHtIiOoTuKqcMyxVrqJ,Mencionar,"eladiocarrion,solmaría,2024"
4CdCa2gcNtsqPTA9JELgqb,Хапи ме,"simona,хапиме,2024"
1ahYzmBVbrogM1bLR6StOz,Raglan Road,"thedubliners,40years,2008"
62ta8BEEecanvSxeS3FldL,käpy,"koira,käpy,2023"
1VBIZsPlNx2EwgvzdbR5hO,Шукав тебе. Знайшов тебе,"vovazilvova,morphom,маленькийукраїнськийрепальманах,2023"
6M6ZNRplLNspFEn6Ab3mOv,オレンジ,"spyair,オレンジ,2024"
4EDA2cutRTC1lNJ2eyVHlr,Ihmisten edessä - ROOS + BERG Remix,"jennivartiainen,roos+berg,ihmistenedessä(roos+bergremix),2024"
1NMYbsFZyxwHRNaLGzFGWh,Who I Am,"alanwalker,putriariani,pederelias,whoiam,2024"
77S1MD14JNFGwTVlr1NLTh,Idrogeios,"wang,idrogeios,2023"
25m2X4aX7wbQwniAV4J3Mu,C’est la vie,"kojo,latecheckout,2023"
4YJlv9lK1EsszlUZ4ekj7I,Stay With Me (Feat. Skinny Brown),"ashisland,skinnybrown,staywithme,2023"
3Id1PlGjXzHJRoX1l58WTK,Chamadas,"ivandro,vanzee,trovador,2024"
6bCLkzoE3agC7Ws9NxVxIn,Крепче,"krbk,крепче,2016"
5dVJTSZhL2n81ZkT4PZu0x,Jinja,"olamide,unruly,2023"
29QkpKsdxiChq3xsmu5VDG,Amor Vuelve - (En Vivo),"grupo5,eddyherrera,nochedeoro(envivo),2023"
2dyAiC9k6s0mWnMSQRQJGd,Psycho CEO,"yeat,2093,2024"
4blqlsA1uf2d2I40E90EUC,"Tere Hawaale (From ""Laal Singh Chaddha"")","pritam,arijitsingh,shilparao,terehawaale(from""laalsinghchaddha""),2022"
2RqZ8JUBXP4C0nzttGnTL1,Avec classe (feat. Aya Nakamura & Trinix),"corneille,ayanakamura,trinix,avecclasse(feat.ayanakamura&trinix),2024"
0Ro1NBqAymTPeQuHVNOekw,MEGGYFÁN,"beton.hofi,anubii$,0,2024"
43eS61ezviPc61XDu6tRYR,เผื่อวันไหนเธอจะกลับมา,"guncharlie,เผื่อวันไหนเธอจะกลับมา,2024"
4qmG24ebshLXtKu9HIShBP,Lace It (with Eminem & benny blanco),"juicewrld,eminem,bennyblanco,laceit(witheminem&bennyblanco),2023"
0nQBmwUprs4LYyhECw44LH,Kongespil - Tinka og Kongespillet,"hjalmer,midtiendrømellernogetderligner,2019"
1BhxROmMZpykm6qlc670SR,ȘTII…,"tussin,oscar,știi…,2024"
30vg2QguPyaa7PcAJTn9YE,sonnenbank.mp3,"yakary,sonnenbank.mp3,2023"
1uspiZmpsJn2Vjd4P3pHE2,Tempo,"vanzee,tempo,2020"
2qGURS7y8zM7STkxOLgnWO,Небо,"sadsvit,небо,2022"
0x3sDnom0itB72oEVrRE7v,Ololufe (feat. Wande Coal),"wizkid,wandecoal,s2,2023"
4l9hif3IgXU8VQvfrzbybE,Lipalas,"freefinga,plastika,2024"
7hUjUlcZyl9N6zWzqyYbjs,Paskendę vyne,"furytto,paskendęvyne,2023"
4eqKoFDvkBK96nYgUTXUWp,Cupido,"bankzitters,cupido,2023"
1jCAwxwhHIrtWzGeF6WfJ7,פחד אלוהים,"kfirtsafrir,פחדאלוהים,2023"
7jtXjZ3JViUo9M3ogYAapO,燈,"soushisakiyama,i触れるsadufo,2023"
00ZKeP47bZtswtANkvxz2j,Baile do Bruxo,"tropadobruxo,djwsdaigrejinha,smu,triz,mcmenorthalis,bailedobruxo,2023"
6FGPpwHlUBnl0TLGKyN4Nl,Fussballer ⚽️,"bonezmc,fussballer⚽️,2023"
1465dD5VklIYHkKfcfirkU,Tình Yêu Vĩ Mô,"wrenevans,itsnk,loichoi:theneopoppunk,2023"
7CWoRDIMfhEbfYzdD9noJm,L'Anticristo,"kidyugi,inomideldiavolo,2024"
0QHtFTFvw7wYIqJUlFaLRQ,Handy brennt…,"azet,handybrennt…,2023"
6p5snXqHBtG6rjO7bwiGZT,"Baile (feat. Amo, Haaland936 & Kauta)","raplarue,amo,kauta,haaland936,baile(feat.amo,haaland936&kauta),2024"
3pR29mXC5gp0UjJSRePU2f,Major Tom (Völlig losgelöst) - 2022 Remaster,"peterschilling,fehlerimsystem(2023remaster),1982"
0TkIQ2I48rz4kpk1XpfyHq,Mi Luz (ft. Rels B),"rvfv,relsb,nastu,2022"
437CvMtsHlKc30ZX3GxZ5S,First Day Out 2,"kerza,firstdayout2,2023"
5p3F8ZyKGGGp4IZYRBr4pI,Zurbaran,"toquel,1111,2023"
6X6jKoyw1OjogRghMEQAZV,Haverá Sinais - Ao Vivo,"jorge&mateus,lauanaprado,haverásinais(aovivo),2024"
5lNB8HWmxpICQXi5Pgatz1,נאדי באדי,"שחרטבוך,agambuhbut,היי,זהשחר,2024"
4tejvhLkdvPYn4p90jk5QS,Lost at first sight,"陳卓賢ian,lostatfirstsight,2024"
1IMsCuONQDaYYrgt4ehMbI,Suasana Di Hari Raya,"anuar&ellina,suasanadihariraya,2005"
3Sp9bi6Oj8rWmWhPXpyZ5l,都是weather你,"joyce就以斯,楊子平ꮯꭺsꮲꭼꮢ,都是weather你,2024"
0AjmK0Eai4zGrLaJwPvrDp,Too Sweet,"hozier,unrealunearth:unheard,2024"
2yskKhqtDAHJ73obmJh8tf,Everyday,"fireboydml,everyday,2024"
1E4KY1yKSCnYpAguixncQZ,HJEMMESLAY,"eight,phunk,hjemmeslay,2024"
6VsqdsaY4oV06NODea0L0J,POR EL CONTRARIO (with Angela Aguilar & Leonardo Aguilar),"beckyg,ángelaaguilar,leonardoaguilar,esquinas,2023"
4rSmXn2TIKt6iBeBDM4uOs,2 Germans (feat. Gzuz),"luciano,gzuz,2germans(feat.gzuz),2023"
1Pbc670CnjRQT2z7W7WzDN,Likkle Boy,"sarettii,likkleboy,2023"
1IaZUglHDN0kO6yhuyYta2,Eredivisie,"raplarue,haaland936,amo,eredivisie,2024"
6EKQWjiQPniG7zwJ9Hhc4y,Tetere,"jeyone,tetere,2024"
3RCxl6HWK4ADOzMbY8FZCw,Joulun kanssas jaan (feat. Cantores Minores),"haloohelsinki!,cantoresminores,joulunkanssasjaan(feat.cantoresminores),2017"
64FzgoLZ3oXu2SriZblHic,Bad Blood (Taylor's Version),"taylorswift,1989(taylor'sversion),2023"
56wDFSIa9Tr7zbEXUVMwjP,ดาวหางฮัลเลย์,"fellowfellow,ดาวหางฮัลเลย์,2023"
6qB33ch9RK0aoMfxfnlXa1,פלסטרים,"oshercohen,פלסטרים,2024"
1CQzS4IBMOHRYGgEg3eZrz,Fouq,"assalanasri,lehqtnafsy,2023"
1ixxJ2bVeIpDs2hiQTCVSf,Can't You See,"musata,rasoulbahari,djmusata,can'tyousee,2023"
6sqPOCugqjcu11jIpnAkaL,Sua Ei Oo,"isacelliot,suaeioo,2023"
2c5z5bn4FlP1oMfVbIHuq6,KAUCJA,"oki,kaucja,2024"
0Tq7v8YAmwdnAYBwyR1pZ4,"Earth, Wind & Fire","boynextdoor,how?,2024"
6Vbgg3C5Qo7olhjIIr1r4e,Låt Mig Va,"bolaget,victorleksell,låtmigva,2023"
41XmmKJHx1ZAH0Iykgjxfx,"QUÍTENME EL TELÉFONO (feat. Yandel, Jay Wheeler)","theacademy:segundamisión,sech,lennytavárez,justinquiles,dalex,dímeloflow,yandel,jaywheeler,theacademy:segundamisión,2024"
2gN4tTPjZceqOy2F0OJZQk,SORNERITO,"blessd,sisabe,2024"
5TY9ovYtBeJTY9s7K3ijEd,Hit after Hit,"ugatsheni,uyihlononyoko,2023"
0p1utKz9q8yMCXVsZGxP5w,Igjen og Igjen,"ballinciaga,igjenogigjen,2023"
6jwpsfNdJ7cGlkoe1e6Fuf,Feliz Navidad,"saiko,saliendodelplaneta,2023"
048EqTbLirX0WTiZIVaI1T,Cabin Crew,"laaawwd,cabincrew,2024"
2RmtEc2ZNDCzAU3vH0AbKx,Ojos Verdes,"nickinicole,ojosverdes,2024"
6kbIemHzAcnM60eHdrUI4u,Düldül,"mabelmatiz,melikeşahin,fatih,2023"
1lKpsuiY1GKU0Tj7QE8EWX,Centrofuga,"tedialeksandrova,donmario,centrofuga,2023"
3NlplVGSFT0fwcEhk6FJ3Z,"Guli Guli - From ""Buzz House"" The Movie","rares,bogdandlp,guliguli(from""buzzhouse""themovie),2024"
7MXVkk9YMctZqd1Srtv4MB,Starboy,"theweeknd,daftpunk,starboy,2016"
4qN8jx5g3h1oKz95qr3bF0,Jestem Twoją Bajką,"kleks,sanah,akademiapanakleksa,2023"
5pIcwtJYNJx93l420oR2Vm,晴天,"jaychou,葉惠美,2003"
47WVBSXAXqouYBu0Uvnv9W,Blue Eyed Māori,"corrella,roadfrom26,2023"
2DRGyAlo0ht15FGLTQPCCt,Ya No Estoy Dolido,"adrianlsantos,joaquinmedina,yanoestoydolido,2024"
2MyI3VkHBDYZfxezt87DRq,Le trio ternura,"jul,alonzo,sch,décennie,2024"
5yiJTfrtlzDsVMDshFLUna,vi ku' blive,"artigeardit,lamin,nuhvorvierher,2023"
2FUiCfOsoJ0RZx94NpYznM,Afise Me Na Figw,"novel729,logostimis,eleutheropneuma,koraki,sumobeats,vioma,2024"
4jWmhzf53Q0ZvZMuGdiR9x,shhhhhhh..,"wean,tlinh,shhhhhhh..,2023"
0YNjSwEcA9mZjyVqHppnMX,Snjókorn falla,"laddi,jólahvað?,2007"
2RdFjBnr4vPvUDHoYhzeDs,SOUVENIRS,"inkonnu,souvenirs,2023"
07q8J1HMwIfSO6TrPaZHWd,Julefeber,"ohland,julefeber,2020"
1z9kQ14XBSN0r2v6fx4IdG,Diamonds,"rihanna,unapologetic(editedversion),2012"
73bwhA1NxxkBMJAziBgUnX,Hey Ho,"freddykalas,heyho,2015"
1d02igesB9DREknAVXRiBd,Renklensin,"reynmen,renklensin,2024"
5AhSDzxi6BgID3J75mTGAc,Sølvskje,"bausa,amara,ung&dum,2024"
5ZCczTOmsHVYVynom4SdxI,tunnen end,"villemdrillem,kirot,clicherik&mäx,väljateenitud,2023"
1eldTykrnkEBLX41bk5eMw,Petit génie,"jungeli,imenes,alonzo,aboudebeing,lossa,petitgénie,2023"
0SGMCZngLMlB3w34r0cmaz,Circus X,"scarlet,circusx,2024"
5owdjDH3TPpzAl31XCZqq2,Hoping For Life,"charlotteduval,hopingforlife,2022"
04VLn8dMpxN8s0UoZCYFoL,المهزلة,"nasratalbader,عثمانعبود,المهزلة,2021"
5d2lkJfRpza95F0c1ZhTfX,Sonic Skit,"oki,bodhi,produkt47,2022"
4nHJcUtNSUVjXRnjdP29Bk,You’re Gonna Go Far,"noahkahan,stickseason(we'llallbehereforever),2023"
0QoaFLmBJyuVuzOIGy6iCS,LA RANGER (feat. Myke Towers),"theacademy:segundamisión,sech,justinquiles,lennytavárez,dalex,dímeloflow,myketowers,theacademy:segundamisión,2024"
7jq0O5rfrzEIqNOsc7v9JT,เดินมาส่ง - BYE,"firstanuwat,saran,เดินมาส่ง(bye),2023"
4XSe9ssgPFPD5FuWJoDOID,Halskæde,"guldimund,halskæde,2023"
4Sdj67b8WF9PhAXh4tvBi6,Pişman Değilim,"semicenk,doğuswag,pişmandeğilim,2023"
4so0Wek9Ig1p6CRCHuINwW,White Christmas - 1947 Version,"bingcrosby,kendarbysingers,johnscotttrotter&hisorchestra,holidayinn(originalmotionpicturesoundtrack),1942"
01LYfVauZ0LlK5gok0HdTO,Liebe ist ein Dieb,"kontrak,liebeisteindieb,2024"
31MNHKE86sEXzIglbGQ6mu,Got Me Started,"troyesivan,somethingtogiveeachother,2023"
0QzuaeCEEOV40Pn7IvKEny,double take,"dhruv,rapunzel,2022"
0Lmbke3KNVFXtoH2mMSHCw,the boy is mine,"arianagrande,eternalsunshine,2024"
6m1TWFMeon7ai9XLOzdbiR,FAKE LOVE,"bts,loveyourself轉'tear',2018"
31nfdEooLEq7dn3UMcIeB5,Vois sur ton chemin - Techno Mix,"bennett,voissurtonchemin(technomix),2023"
2YxL4H5c4NCPm19E28OPSt,Небо хилиться,"alyonaalyona,kola,небохилиться,2023"
4sygx4aR9cHcZCHhs3k3W3,Jauna Lietuva,"fcbaseball,jaunalietuva,2024"
3qnbLYCLzKvGIQXFyopS2H,TALKING,"kanyewest,tydolla$ign,vultures1,2024"
3yqs30JY1zriDdlN2di2gI,הדם שלי,"ששוןאיפרםשאולוב,odeya,הדםשלי,2024"
1oubd2VIVeurm35QkG03X7,Další kapitola,"ektor,dalšíkapitola,2024"
1kcwpPDQnqEqmezzXdJTCP,imgonnagetyouback,"taylorswift,thetorturedpoetsdepartment:theanthology,2024"
1XvKDTkjojPAiBtARrOqNt,Breathe,"luci,dermanager,alexanderlacher,breathe,2023"
4H1FLy4H7nS9wy9gg9JeFQ,"Unakku Thaan - From ""Chithha""","santhoshnarayanan,dhvanikailas,vivek,unakkuthaan(from""chithha""),2023"
6REbwUNlppTfcnV4d4ZoZi,Swimming Pools (Drank),"kendricklamar,swimmingpools(drank),2012"
3gH5vuIvlmzHQkPGmbkXND,Порічка,"yaktak,kola,порічка,2023"
1d8HSZPvRjWJ1LZARZMu3o,NO ME LA SUBE,"lomiiel,nomelasube,2024"
2mfuy75A61Qnx3qApmZWMt,Energias,"boza,pardequina,2024"
2aptSWAkwTLva4188FFrjE,Vai!,"alfa,nonsochihacreatoilmondomasocheerainnamorato,2024"
5FV2fsK9sFL4D5uwX8zAgk,Mariposa,"fiorellamannoia,mariposa,2024"
66WuuC59b1IvJ5M9WNOiav,ZOMBIE,"haval,yasin,zombie,2023"
2qDhunsy5erCsyD7Kofo4w,Loyal,"sarabee,loyal,2024"
6ZKk09hIZN9qo879cT1fTD,"Wala (5, 7, 10)","dystinct,wala(5,7,10),2024"
7vdva8hlSprUQjNNuw0PJC,Pussy Power (feat. Porsche Boy),"similivinlife,porscheboy,dvojbodkahviezdička,2023"
5ROUivw3bUOzFWVzZlstRm,Никъде,"robi,molec,никъде,2024"
0pqkfIGOaW41isgsnzdGpQ,Ola Kala,"trannos,olakala,2023"
0QRHOAeU8JRaVVn3UoZBih,REINA,"mora,saiko,estrella,2023"
20gz9dYTVbtnDUFV2YmJC0,Sesuci Lebaran,"dato'srisitinurhaliza,anugerahaidilfitri,2003"
3LKrHeYXOEKNQQVl9auofC,Badebussen (feat. Kjartan Lauritzen),"djmømø,kjartanlauritzen,djmømøpresenterer:bukkenebrusepåbadeland,2023"
5FvsnJflCxiroIDIO31VIF,Nemico (feat. Ernia),"kidyugi,ernia,inomideldiavolo,2024"
1kVdiCJmRG8NCLMi5Wk1Ga,Tuonelan koivut (Vain elämää kausi 14),"ellinoora,tuonelankoivut(vainelämääkausi14),2023"
0PAcdVzhPO4gq1Iym9ESnK,Thinkin’ Bout Me,"morganwallen,onethingatatime,2023"
4UPryYl7gK33A4apqKaG0Y,Feite Damer (The Broject),"øsen,dadønkproject,feitedamer(thebroject),2024"
50okpBf3MvXr4FyWB6jJIK,Torcida,"bresh,torcida,2024"
7l8Q5hVtKz2Ztold6N2gLh,SAVE DAT,"toxi$,egorkreed,savedat,2024"
0FvnIUp3c3YRawAkprTCp6,Allo Oui,"chebhichemtgv,allooui,2023"
2wMFX5mdyz7RVzxUr8o9Ql,Dealer,"kkevin,dealer,2023"
51srN26IXaHEoMUbC3mM5G,Din låt,"victorleksell,einár,tid&tro,2024"
0sLc24jQdGTNwkieEnDnPe,Kevin Barry,"kevin,wonderland,2023"
6lLyJtACSS8hb9ySXuBfCF,Siga To Prama,"anastasia,sigatoprama,2024"
2ouWSRC1YsQX6JAwosfTFJ,ME N U,"rack,sinlaurent,menu,2023"
2FrcdIdoHSyzdgPcAoOEEC,Empaquetate,"donaty,polojoa,empaquetate,2023"
47EGifeNL52SJL13TxcvBR,Prepotente,"yaisellm,kreizyk,prepotente,2023"
0gnsuw6eGZEwph1rKnxzOu,Los Globos del Cielo,"pedrosuárez-vértiz,pónteloenlalengua,1997"
4uu7Xart3eGoK0KOdatnTk,Ikoni,"senya,ikoni,2024"
0E9S1H3TktlpHmGyuKEfkL,לצאת מדיכאון,"יגלאושרי,לצאתמדיכאון,2023"
3ZwRkdnTb4az8X5n4WXuHA,aklına ben gelicem,"blok3,aklınabengelicem,2023"
01XexSX2HDgVDxnnHEBblB,Devastante,"olly,jvli,devastante,2024"
5e8JV9r2vKrbebUQMRpBCy,7/7,"iouliakallimani,michaeltouratzidis,7/7,2023"
5TBNZCGMR1NJtJrrg606m0,Nóttin læðist inn,"hafdíshuld,vögguvísur,2012"
1kW728xFsRBvunN1yiTsNf,Ilashe,"ruger,bnxn,rnb,2024"
4UkUxO2WlKLc0Q1iEutGGh,CONTIGO (with Tiësto),"karolg,tiësto,contigo(withtiësto),2024"
31amrn8pcJgRbe357Z3LiC,Ona Nije Ja :),"hava,keinmärchen,2023"
5UHIkr0EzHVc1aCvXArWRr,Монопол,"galin,konstantin,монопол,2023"
1y62mw3mC3mtVOOtjrVVl1,@champagnepapi,"otsochodzi,oki,lohleq,tthegrind,2024"
51qYdMBxt9mFbtZBzq1Yfi,Regalo De Dios,"juliónálvarezysunorteñobanda,presente,2023"
4SW9gHnW8NfKOdqmh0ij45,Fruto,"bizarrap,miloj,endormirsinmadrid,2023"
5Jh1i0no3vJ9u4deXkb4aV,so american,"oliviarodrigo,guts(spilled),2024"
4x23sdc69o6jYVMMAyYgXy,Taureni,"dons,tepat,2016"
3nWlfhNCcDhAxlsHmcggEG,Cinderella,"radja,langkahbaru,2005"
1bIpH9PBr9OBI3Ek6RtuNl,Me Arregle - El loco,"bulin47,mearregle(elloco),2024"
69phA1R4gmQsBFRQ3INW8C,ONE CALL,"richamiri,ghettofabulous,2023"
01zsTmucc72th13AWj9HPf,Temps en temps,"zola,kobalad,frèresennemis,2024"
70R10GZEIyNaOsltKW5kli,3am - Demo Ver.,"patrickbrasca,3am(demover.),2023"
2Zpv84vK1rp8LPPcNXGZhE,докато смъртта / ни раздели,"boropurvi,песнизасватбиипогребения,2023"
6Hs2xIgB8nzyGFDvVA8lFa,Có Em,"madihu,lowg,cóem,2022"
5M7InvKD88wV48S7IgW7pe,O DOAMNE,"tussin,aerozen,odoamne,2024"
5MEuFY2DxrozPEgGpR8Fji,Välkommen in,"veronicamaggio,satanigatan(bonusversion),2011"
0gEyKnHvgkrkBM6fbeHdwK,Linger,"thecranberries,everybodyelseisdoingit,sowhycan'twe?,1993"
2ZpLz23RdZWWIFqeLZI6No,AURA,"manuel,aura,2023"
5dIihMTZ5hoTjtSodbDTJj,EA7,"plk,chambre140(part.1),2024"
22574OwoIWJtaq8WoBmMVW,ALLIGATOR,"bo9al,sbitar,2023"
2ZfaBbRMcEgSF8JnJIaEBP,Banan Melon Kiwi & Citron,"hooja,bananmelonkiwi&citron,2021"
5rIj5bnANOHKVGT1XMWj7w,Hummer Balenci (Speed up),"pepelnahudi,hummerbalenci,2023"
0LdDBjHLVBRzc9BY5wA030,Летали,"ulukmanapo,летали,2021"
5XWlyfo0kZ8LF7VSyfS4Ew,Drama,"aespa,drama-the4thminialbum,2023"
4dyzxv5SsdBtunuU3qj7Ti,Me Hace Daño Verte,"frestomusic,trovandoelson,2021"
3TpQcE8EqBqobOznNdl20l,Umaqondana (feat. Soulful G),"djksb,leemckrazy,soulfulg,umaqondana(feat.soulfulg),2024"
5FbxrTeMrO3zbLe3uLbYH7,你不會一輩子的愛上我,"tysonyoshi,你不會一輩子的愛上我,2023"
1CdWe6h3mW38aTCBbkFjVC,Da i prisedne,"preslava,daiprisedne,2024"
2fOpn6RdCJzcYl32PZCMM3,浪漫殺死巨蟹座,"ansonlo盧瀚霆,浪漫殺死巨蟹座,2023"
4GvEuYAfJlICR2SpMDaBxQ,ANDO,"jereklein,gittobeatz,énfasis,2023"
6mIjiYKYP8hcO8Rqm81Vii,NO EX (feat. Paky),"nikysavage,blssd,paky,è(banger),2024"
2khnj1kS7t2uNoMGB44c3X,Młody Manson,"youngmulti,szpaku,kubiproducent,lucassi,młodymanson,2024"
283ngLR3LX6cdq9unM7MJ0,MARTILLAZO,"daniflow,elbogueto,uzielitomix,martillazo,2023"
0UEct6UTSjqEex8AHOUf5z,Diamonds,"wizkid,s2,2023"
7biChppM3c8q7qcVl7ceb2,ЛАБИРИНТ,"face,12,2019"
4hylxbiNeIuj997IECSmqd,Shan E Ramzan,"junaidjamshed,amjadsabri,shan-e-ramzan-single,2016"
332fAqelC3Uik91QPxPcB8,Enamórate,"nickinicole,badgyal,enamórate,2023"
7fcFn0EdQleBdarD7yLp95,מבת ים ועד הנצח,"omeradam,חמישהלילות,2024"
0jF2AdhsalO1L7KkhK4LE5,Practice,"drake,takecare(deluxe),2011"
5SaMYroYijYFY2CXQOcRCZ,Pegate,"engelmontaz,pegate,2021"
3ftwidEGXQTIs14L4FsJ8K,Рапсодия Конца Света,"gone.fludd,рапсодияконцасвета,2023"
7CKSAIzm36hC3m8pSEGeoH,Mitu Pead On Mitu Pead,"fmmb,mitupeadonmitupead,2024"
2wmUMn0pawCGlWdonLkWQS,Sprite,"marstein,sprite,2023"
1feg6LWYEdvsjOLzAgWgDd,Leje Wina,"pusher,gracek,babahassan,lejewina,2022"
7kS2AVRk5Yj6BTj8PyJFfC,Paprika,"ghali,paprika,2024"
6bN41HjY008ggroMFxNLaa,Calcolatrici,"sferaebbasta,x2vr,2023"
4N5fpVKLQM55WeIxuXKGuo,Evil Receive,"shallipopi,evilreceive,2023"
0ntQJM78wzOLVeCUAW7Y45,Sex on Fire,"kingsofleon,onlybythenight,2008"
5Tkf5CbtVYHA1SiKo1NrJE,"Phir Aur Kya Chahiye (From ""Zara Hatke Zara Bachke"")","sachin-jigar,arijitsingh,amitabhbhattacharya,zarahatkezarabachke,2023"
1TVrjQh9mfod3CMgG8eLqy,MEZZANOTTE (feat. Rondodasosa),"elgrandetoto,rondodasosa,27,2023"
7mXuWTczZNxG5EDcjFEuJR,LADY GAGA,"pesopluma,gabitoballesteros,juniorh,génesis,2023"
4q91om1qd8t7EvzbHhTSF3,GALBI,"alis,galbi,2023"
4pcRT5s4d3TzzhBQKXgAjY,Dancing With Demons,"cyankicks,dancingwithdemons,2024"
2EhYuF7z4p1DTMgXN4Jbd4,ME & U,"larry_vibez,tianaice,diaryofvibez,2024"
7tqhbajSfrz2F7E1Z75ASX,Ain't No Mountain High Enough,"marvingaye,tammiterrell,united,1967"
0k2szier9Q8lboIphfqaNh,HASH N' BLEM (feat. Unknown T),"elgrandetoto,unknownt,27,2023"
0UawmEzDkE7zISZkhOB678,Tek Tek (feat. MHD),"dystinct,mhd,yam,layali,2023"
1TcS5QMzEZJiCaRjUTCduI,SAFE,"gibbs,4money,safe,2023"
2eknBYpfzA4Mp5zWHMGac5,If You Leave,"youngjonn,loveisnotenough,vol.2,2022"
4BslXifMJ7xrswyHlfp9Pf,خبر فززني من نوم,"حسينقاسمالمحمداوي,خبرفززنيمننوم,2023"
1kWcd9h9HoeXsKaDVhSOtj,Ela - Ao Vivo,"sorrisomaroto,ferrugem,sorrisoeugostonopagode-parte1(aovivo),2023"
7K6RLbkpqZI4OaoSnLcBiU,Tu hai kahan (feat. ZAYN),"aur,zayn,tuhaikahan(feat.zayn),2024"
2eTfL1xavot0ey3izNzT94,Oye (Made Popular By La Sonora Dinamita) [Karaoke Version],"partytymekaraoke,partytymekaraoke-latintropicalhits9,2018"
476o0POREG1XMArNtHRAy2,Canudinho - Ao Vivo,"gusttavolima,anacastela,paraísoparticularvol.01(aovivo),2024"
0EspE7ObH3h4icYdHdpwUl,VARMT (Kiss),"segertåget,varmt(kiss),2023"
2fofdfhRxFVP1bRdjA1FEc,Turn Off The Lights,"txc,tonyduardo,turnoffthelights,2023"
7uVfJBixz1VViRCizlpr8L,Ganxsta Zolee Tehet Mindenről,"krúbi,ganxstazoleetehetmindenről,2023"
32TdIduhRPeevh5v7YjJKV,Kattomatta takas,"cledos,etta,kattomattatakas,2024"
1418IuVKQPTYqt7QNJ9RXN,Maan Meri Jaan,"king,champagnetalk,2022"
1rDgAHDX95RmylxjgVW9tN,Show,"ado,show,2023"
09zHC0CNGuWQ1ot7WhzwKJ,Uyangijabulisa,"fezekadlamini,nomfundomoh,naledi,uyangijabulisa,2023"
5TswDbxMnxptgFTf6ZxvXQ,Rim Tim Tagi Dim,"babylasagna,rimtimtagidim,2024"
29vIEdxgMT9H1fnBMecWjA,Lo Tienes Todo,"juliónálvarezysunorteñobanda,presente,2023"
1F7O4MZUE2VZdJ9QbS0qB7,RAP,"otsochodzi,lohleq,tthegrind,2024"
47WfK6QKlLwIOxJaonJ3bA,ใครเพื่อนแก,"bamm,เศร้าศาสตร์,2022"
1amowbJ9HHFFSFdg2ubM7G,The Reasons of My Smiles,"bss,queenoftears(originaltelevisionsoundtrack),pt.1,2024"
6OSHB3gKDyYTNNmCiOlpIc,Føles Godt (feat. Mekdes),"uro,mekdes,følesgodt,2023"
2F3N9tdombb64aW6VtZOdo,Down Bad,"taylorswift,thetorturedpoetsdepartment,2024"
0YTM7bCx451c6LQbkddy4Q,勇者,"yoasobi,thebook3,2023"
1Qrg8KqiBpW07V7PNxwwwL,Kill Bill,"sza,sos,2022"
7CyPwkp0oE8Ro9Dd5CUDjW,"One Of The Girls (with JENNIE, Lily Rose Depp)","theweeknd,jennie,lily-rosedepp,theidolepisode4(musicfromthehbooriginalseries),2023"
4VXiDjCRkKHvXFhSX7OEri,Loca,"brunoxspacc,loca,2023"
4URabg9AGHasjFEVdTbWcC,Dalie (feat. Baby S.O.N),"kamomphela,tylericu,khalilharrison,babys.o.n,dalie(feat.babys.o.n),2023"
7axy7PVFNdKylwB5JEuPV6,Ekptotos Aggelos,"nikosoikonomopoulos,ekptotosaggelos,2023"
0YZ2ANy2Hhf21koqFpph5F,BLUE LOVE,"elgrandetoto,27,2023"
0Cy7JUkNoTvArY03EEVfPA,CZAS CIĘ GONI,"vkie,czascięgoni,2024"
42TtHTxWk782ZBiqyOi2d1,Dawns (feat. Maggie Rogers),"zachbryan,maggierogers,dawns(feat.maggierogers),2023"
3h2IRgTZrU4hSNCePszT23,Italia,"undergrunn,undergrunn,2022"
1gVT9clRR3jRvgJYK2KsIp,Rdy,"ayed,rdy,2023"
3FB06ULqN0WNUSQ3UaMZnF,Amor Na Praia,"nattan,amornapraia,2024"
54FV2rMVwLusAVnzROB0c1,Mesma História,"orochi,caioluccas,pedrolotto,mainstreet,galdino,ribb,vidacara(deluxe),2023"
6M8EcLbklscFeUPav8fIGu,Asmrani Eyounoh Samrah,"hussainaljassmi,orange,asmranieyounohsamrah,2024"
5OiSAWiUSwWQJdmQ5dtFEb,Ho Fatto Un Sogno,"tananai,madame,rosevillain,hofattounsogno,2024"
24eClW0wZh5fFEFwsUWdSG,Cầu Vĩnh Tuy,"wrenevans,itsnk,loichoi:theneopoppunk,2023"
6wPmYjVXDQJfdeZxOUGyXT,EITRAVÍK,"izleifur,þettaerizleifur,2024"
60DcGRqdHMk9H3sat9bcHW,黑月,"keungto,黑月,2024"
0NcrorHQw7tB1ykMIsZkGD,Acı Veriyor,"mertdemir,acıveriyor,2024"
1vQSEMGnWWKlz7V6jh73kf,Ne e lyubov,"djena,neznaeshkoyasam,2010"
4EoYs4KY7oHQpJPTuxD7mU,Romeo Must Die (RMD),"ruger,bnxn,rnb,2024"
0T61bGOEKCv09tvbbiXb8u,منحرفين ( في حضورنا الدنيا بتتشقلب ),"essamsasa,منحرفين(فيحضورناالدنيابتتشقلب),2024"
2uJnvTPC2FPmEGt9rgr003,ZODIAC,"nouaunspe,rava,bittner,zodiac,2024"
77mI5OSGIIPKxHXBkHOySy,rendez-vous,"shytaupe,horsd'oeuvre,2024"
7Jczj2J8z1CnhrYCIc5Apm,אל תפחד,"eviatarbanai,עוגןבמים,2023"
0qSGK52yXAkeGCpZ60KvM9,Helikopter - Official Remix,"fazlija,djjoker,helikopter(officialremix),2021"
5n2XTRsYFlZwNBp06KAjDX,Madura,"cosculluela,badbunny,madura,2018"
4ZeveNuwkv5cUrkDsx2eGQ,Celui qui part,"josephkamel,miroirs,2023"
5olAKfwVP4sI3ISiAcA4ll,Csao,"szalai,gyuris,ibbigang,csao,2024"
4XUjq1m4FEoFCQsjmJ9UKj,Tanrım Reva Mı,"semicenk,tanrımrevamı,2023"
7AM2uga26rlhKu1a27MyFS,WILI,"draganov,wili,2023"
2H5PVvPo7degMbU5LSk1QI,NAPOLITANO,"bres,onad,kidd,napolitano,2023"
0XwdAvTislcveETFNruf2l,Stai nu fugi,"mgk666,nutu,bunvenitacasa,2023"
6BqnE3hiqtywrLMJ3ulYDp,รถไฟบนฟ้า,"dgerrard,รถไฟบนฟ้า,2024"
0lXVWzLwDnKB7Ro5p0AJPg,COME UN TUONO (feat. Guè),"rosevillain,guè,radiosakura,2024"
3gOVMei7c4BD6oIfed24dc,Blue Porsche (feat. Niska),"luciano,niska,blueporsche(feat.niska),2024"
0MKlxqcCZSiYC92xNiGcAB,Paneláky majú oči,"lucabrassi10x,dame,bwayne,ghettoven,2024"
7vOmSP2647oNUGGEhWd1cr,Montagem Mysterious Game,"lxngvx,montagemmysteriousgame,2023"
6eSMc314qnbsO4sYxDGoqb,Periyone,"jithinraj,thegoatlife-aadujeevitham(originalmotionpicturesoundtrack),2024"
0PBTlQ84CBJF0tBnKGmQa6,FRI(END)S,"v,fri(end)s,2024"
4YntVuBqggRsASIbBoWT3F,Mil Preguntas,"thelaplanta,luana,milpreguntas,2024"
2Heqj9jtxarmecKxycGSWn,هيجيلي موجوع,"tamerashour,هيجيليموجوع,2024"
2lcRmD1OrJq7PKidfQNb1S,Cupido,"engelmontaz,kuv507,latinnitesmusic,cupido,2023"
1ipAABlNuyDxSeaeTvjbVc,STFU (feat. Calin & SIMILIVINLIFE),"stein27,calin,similivinlife,presidentofsexico,2023"
4wS0TnQzVkY9ML1BPKpOk1,Piel,"tiagopzk,kepersonajes,piel,2024"
6KgZf5gZgF1KLNxq1qZgHP,Anh Là Ngoại Lệ Của Em,"phươngly,anhlàngoạilệcủaem,2023"
6fcQIY5VSFNrK4YzDoljPQ,Perna Bamba,"parangolé,leosantana,diferentão,2023"
0WCiCbdRB54GMzlRGs3Fa4,DARBA 9ADIYA,"mohak,dystinct,yam,darba9adiya,2023"
4bLNcWlObRwarB6zJEZX4P,DAMLALAR,"mlisa,damlalar,2024"
3YML5IHoqWbw9c9vJJvrvM,Soranji,"mrs.greenapple,antenna,2023"
6xW61JP2f3hcsbOwn7dzi5,"É Isso Bebê, Tá Certa!","mcig,mcryansp,mcph,djglenner,todomundoodeiaoig,2024"
0TL0LFcwIBF5eX7arDIKxY,Husn,"anuvjain,husn,2023"
4SGY2wCqhSIIaoS2Hs0WxY,Odota sua,"ani,odotasua,2024"
561jH07mF1jHuk7KlaeF0s,Mockingbird,"eminem,encore(deluxeversion),2004"
0wm3wOmYpTILjqyHzDDJIp,Der' Noget I December,"rasmusseebach,verdenka'vente,2015"
1Aa54YEL20kiDPI6f4XGdS,Linea Del Perreo,"uzielitomix,yerimua,eljordan23,djkiire,lineadelperreo,2023"
1Rweq7vNjK4kZBbGrmxQsl,bye,"arianagrande,eternalsunshine,2024"
4BgTgPsNeDz2KG4QsshjL9,BLUEBERRY,"guzior,favst,pleśń,2020"
2HimJmsy7QZOauXXvlCd2m,Panama,"kaaris,hamza,dayone,2023"
0uItZt4j9u7krcNcNlhZ8a,Takti Po Takti,"stefchobend,vulkani3,2024"
2HdMfuPAVAEzp7nQ58H4t9,Bikini Bottom,"plk,chambre140(part.2),2024"
3CqTTiYyJRJNmuxZcww8BP,lady madrizZz,"céro,ladymadrizzz,2023"
3yKekLDwFHSX7tHmrjJQ3L,MITÄ MÄ TEEN,"nebi,lavv,mitämäteen,2024"
0iVcmJx7r74F7mTf7M6s0v,Me Escapé,"doblep,lautygram,gustydj,meescapé,2023"
6sv1Ldv3ZTO1oGBRiGprDg,Birds In The Sky - Protein Bor Remix,"newera,jamesdoyle,proteinbor,birdsinthesky(proteinborremix),2024"
4EwhShRVqFuVTdqPKM5yoj,Omri,"hassa1,omri,2023"
3XqM8hLCEYlbnFjoWwqtFv,Angel Numbers / Ten Toes,"chrisbrown,11:11,2023"
5ktB9kTVHGFSMdJ2G0WdhN,YO AK,"feid,jhayp,ferxxocalipsis,2023"
7gaA3wERFkFkgivjwbSvkG,"yes, and?","arianagrande,yes,and?,2024"
5hYKVNA29m8lOTLQOjKExN,Danser For Mig Selv,"medina,danserformigselv,2023"
6W6EenNBTNpQwmANwy3SFl,DIIPIMPÄÄ,"ibe,räppäri,2023"
4qP2qyJgxBtNcAexuvs45j,Ramla,"victorleksell,ramla,2023"
616njAaXFdHu5rs3FbjyUw,Tárgyalás A Nők Vezérigazgatójával,"krúbi,iii.krúbi,2023"
4YxRxVKi7IYUOR5p7nsYcp,Бассок,"платина,voskresenskii,платина,2024"
7bPp2NmpmyhLJ7zWazAXMu,TULUM,"pesopluma,grupofrontera,génesis,2023"
6eK3D9wcJhv7RDtpsqPBXs,黑玻璃,"kahohung,黑玻璃,2024"
1ZtgnRr4uKMOoCzP4vnQDl,Vazou Na Braquiara - Ao Vivo,"hugo&guilherme,062,vol.1(aovivo),2024"
7cIn67LEvk16v6komC8znS,ONE SPARK,"twice,withyou-th,2024"
5B0vGlnXGZH53v8W3RZavf,Chanel (feat. Eme Santana),"chrisjonex,emesantana,chanel,2023"
01W6syCgxisKd0gDqFRdEG,LA VUELTA,"feid,mañasru-fino,ferxxocalipsis,2023"
1gAPIjqunPXRA4y1kYZi0q,Besos con Fernet,"rusherking,marama,besosconfernet,2023"
53fKDMfQhWMSw7QKVDOTBP,Cintanya Aku,"tiaraandini,arsywidianto,cintanyaaku,2021"
5RafTbs5fZsq0OBlkGhOkY,tir n’a noir,"ramón,hvergangvimøtes,tirn’anoir,2024"
3aAnwyBJY9OLNLqSgd4fZU,Deja Vu,"tomorrowxtogether,minisode3:tomorrow,2024"
2hCc09htDSAQobdmbYWryY,Alles Op Gevoel,"flemming,zoëtauran,ronnieflex,allesopgevoel,2024"
1CVw4Qr8LTapyiovASUpff,Syrup,"shiva,syrup,2023"
7guD52BYWJ9QGtYsdAUhNu,Como las Mariposas,"pedrosuárez-vértiz,play,2004"
0qhPSIycbhJBAWmRVEqanB,KAN JAG FRÅGA DIG?,"jireel,luanda,2024"
3MBK1YTm7nx4PoqCycs1uu,Goeie Man,"kevin,wonderland,2023"
2ctmaWoBxLBYiZB7AKmK1D,Bảo Tàng,"lowg,bảotàng,2023"
6ZBXya9ewPZa6zXDRfPhog,Wahala (feat. Olamide),"ckay,olamide,wahala(feat.olamide),2024"
3nNmRE0DxHC6ZaKkrpUumS,FINA,"badbunny,youngmiko,nadiesabeloquevaapasarmañana,2023"
21NYfIzdx54csIcKIYHKaW,LUCIA (STAY WITH ME),"liberato,lucia(staywithme),2024"
4e7lA8xFXF1Fw7v2nZqtro,Sabb Farhety,"assalanasri,ahmedsaad,sabbfarhety,2024"
4d4fUYcu5Ej2HjrnCw6Oai,Просто проваливай,"thehatters,походулюблю,2023"
3ki4qt24MTfhk0iruUCpSR,FRAGILI,"iltre,invisibili,2023"
2lbKZKVRX54sPoNKZyp56H,Beuh d'Hollande,"jul,larouteestlongue,2023"
4H7l4XhX159wfGyxzpg0ke,Big City Life,"v$xvprince,delacure,әліппе,2023"
2XRqWq9D4Eiz7poSMdPl59,KILOMETRI,"salmo,noyznarcos,cvlt,2023"
401N7rbd6MSziVSDVTaQr7,Somna,"humlandjojj,josefinegötestam,somnamedhumlandjojj,2020"
0X4e6WZ901ycwRO0iCee8s,كل أحبك,"fouadabdulwahed,فؤادعبدالواحد٢٠٢٤,2023"
52McDqrh8bsx7g1tZbIuFV,Money,"danimocanu,money,2024"
076HUj0TPUnBidZdy9PEyx,Casa - Arabic Version,"ouidad,casa(arabicversion),2024"
3lfjd8A0DkB84yrvjzkbry,Hora Loca,"rawayana,monsieurperiné,¿quiéntraelascornetas?,2023"
2GEuZRsMwllbjBFpdOOBAx,Vas-y (Ga Maar),"suzan&freek,claude,vas-y(gamaar),2023"
3J0cZ53BkzP4yhtOh0y02o,Madame (feat. Sfera Ebbasta),"babygang,higashi,sferaebbasta,l'angelodelmale,2024"
4qQDJp46yZj6xz8mwq91v7,De la dela,"andia,deladela,2024"
77J96UnWCLiltC7AvwvL8A,LA TRANZA,"bulin47,myketowers,latranza,2024"
2NjbJR8y083mOV59255QSe,Nanti Kita Seperti Ini,"batassenja,nantikitasepertiini,2022"
6vsKOJPjdxlYgRs8McgtCQ,Buscando Money,"twentysix,taysonkryss,buscandomoney,2024"
6gkj8ArfOiHKNHhQkzYv0Y,"METEORE Ⳣ (con Gemitaiz, Izi, centomilacarie)","mace,izi,centomilacarie,gemitaiz,māyā,2024"
2bqS0QtnXGjOYs3z6VtSyW,Контракт,"poshlayamolly,контракт,2021"
4RiudH8RehvLLrk8uNgIdR,Nightwalker,"ten,ten-the1stminialbum,2024"
2PF5O4wQHtD9KpxNALuoBD,Ciapakwybujany,"gm2l,malikmontana,kazior,alberto,olek,gm2lmixtape,2023"
0ivSICeARK2xi8iRvHeVAd,Done Getting Over You,"albintingwall,donegettingoveryou,2024"
2CiN7FKSIxI2P14ZS9trdY,Þú hér,"úlfurúlfur,þúhér,2023"
3G5VUAzCpvaaWEMk9NkHFT,Tutti,"calcutta,relax,2023"
0dY8qhMk6KOxw51j36GtlM,Расстояние,"ulukmanapo,bakr,расстояние,2022"
7JQjyjINzsexX0eZTijo1E,Tu bloga,"fcbaseball,bėgtilaiptais,2023"
6zFpImDYig0CQhLL2NIfyN,Nosso Quadro,"agroplay,anacastela,agroplayverão,2023"
0NxfpRR1pmtGC9J61iHIIc,De Leven,"kevin,s10,deleven,2023"
0lSR2SUKY0N8ft5MYIzyVa,Dubula,"harrycane,masterkg,djlatimmy,dubula,2023"
7t4XOS9MpF1pC0OBLnMiDy,Zarzour,"lartiste,zarzour,2023"
0CHHKvtT48UIsiC7bgxcBw,pls help me,"kukon,plshelpme,2023"
3ep8xPs6CUqvcxAKTypQ3b,שכחתי מזמן,"eyalgolan,שכחתימזמן,2024"
6MFDWo5bA27UffVN5GSJqN,mitte kuskil,"heleza,mittekuskil,2023"
6uN0PQk9GLI4ze5Vr9hOX3,CARRARA (feat. Simba La Rue),"tonyeffe,simbalarue,icon,2024"
3ZGJhN4unVspOqpwGvUL2W,Lemonade,"diljitdosanjh,drivethru,2022"
4MTNimMDRyFZv37Thcktwa,God of Music,"seventeen,seventeen11thminialbum'seventeenthheaven',2023"
3qd2d4Mog20jxuQL5OEHE5,30 KM/H,"lialarsson,30km/h,2024"
64uRImQbMWQsUmo9BjLHub,Enfermera,"loshermanosflores,18exitosdeloshermanosflores,1995"
5Q1tv4GTxP3IJeGMOKdrFO,MEGAVERSE,"straykids,rock-star,2023"
0w9ZBj1sdjzemjX2E8WONY,F*CK OFF,"newlightchild,nightforever,2023"
3bY8hZbtWQpCOGHi1IZvz5,#Sarkanbaltsarkanais,"bermududivstūris,#sarkanbaltsarkanais,2019"
6ZC9iIWBCy4VtBhoY1YTuR,Hun,"annika,nyetider,2024"
7yS8LfvvFEhtGhKLk29j5a,2minuti,"calcutta,relax,2023"
1BpvuKIG7jK5EiTp2tv5z8,King Shit,"shubh,leo,2024"
4sw8J2dZcT9lQE0kRfSaar,Celular,"denyk,sayianjimmy,celular,2023"
78YytPid0icgwoGpDEj1dy,"Ptazeta: Bzrp Music Sessions, Vol. 45","paulthin,ruslana,ptazeta:bzrpmusicsessions,vol.45,2024"
7ssA6kQHkrNSNx4ZLiTV8V,Uthando,"kelvinmomo,sjava,kurhula,2023"
4XgxsTII2KYZZMFt4JlnYU,Ja sagen,"hava,keinmärchen,2023"
6vlH3qCZn1PjuBww5Z0e5I,9ARI,"lila,rack,sinlaurent,beyond,9ari,2024"
0WIv5qV41y6YjjB9V1biuC,Made For Me,"munilong,madeforme,2023"
331l3xABO0HMr1Kkyh2LZq,I Don't Wanna Wait,"davidguetta,onerepublic,idon'twannawait,2024"
5i8lwhzx9FyilInJWa5lhn,rendez-vous,"shytaupe,kidnapping/rendez-vous,2023"
4enbO9cZhJLSZ6Tf21LRnv,Cikády,"calin,viktorsheen,roadtrip,2023"
5QhdwVO7BoJoCEPN1ehSVM,MARGARÉTA,"beton.hofi,0,2024"
558Lsb6twiXsgxhaHxyEoh,Syntymäpäivä! (Vielä KRRAN jee),"behm,merkittäväterot,2023"
3ng8tfwvzR4BBwa9yaMms6,BADGYAL,"saiko,jcreyes,deiv,sakura,2024"
1g7hu7KMV5woMx6xfi1C6p,Ngibambeni,"yanii,mxolisikhumalo,ngibambeni,2023"
173Nv2ynszhKfmKwHef0Eo,EN BLUSA,"papera,yoanretro,enblusa,2024"
78tFy3vJclsTgNS0AXqgWp,Shazam,"seyivibez,nahamciaga,2023"
7eJmxii4Ez8scjzDF0V9v6,Capolavoro,"ilvolo,capolavoro,2024"
2JtrWZrpNkbSEzG5m9phAV,Sunny Ade,"zinoleesky,sunnyade,2024"
6f5P5n98ZkYG7Kveh4N5kh,EXTEND,"c.gambino,silenthills,2023"
50kvRbk8GLtPtgxoMeasSK,"Lad Mig Lande (feat. Gilli, KESI, Kimbo & Sivas)","noahcarter,gilli,kesi,kimbo,sivas,noahsark,2024"
170XOP1T4MvY9TLTgPw07D,Magic,"mrs.greenapple,antenna,2023"
644oTknCDmxS3O8ZQWqt3Q,"Amore Mio (feat. Sfera Ebbasta, Jul)","rhove,sferaebbasta,jul,popolari,2024"
4vhYckF7yzomDdqoHb3dIl,Kulig,"kazbałagane,dmn,hugobucc2,2018"
4exlWP8cokkWVCvyP3kg7c,nếu lúc đó,"tlinh,2pillz,ái,2023"
3wQfiLD0Jyqxml3azemORz,MINDEN KUTYA A MENNYBE JUT,"beton.hofi,toldyuuso,kollárdea,0,2024"
41G90MvWS97hrjHJfdzVUX,Dembere,"mestisoisback,exitos,2024"
4xqrdfXkTW4T0RauPLv3WA,Heather,"conangray,kidkrow,2020"
3F5xUtUiSC6W1CDIwC3jnc,Ya Ya,"boza,pardequina,2024"
3SiEkpObvNZd5JFgWD7hmu,Money Fast,"alecc,gosei,btk187,moneyfast,2024"
2oBgo1udjEp72pDo4u5O3P,Þegar Vetur,"iceguys,þessitýpískujól,2023"
7gmATHjiYdt4s9lNdji8nj,posta,"tini,posta,2024"
0GSoForoOEUELr6W30bDpp,Balaclava,"icekiid,balaclava,2024"
1OjjF1YzOVdsHVMqOsCnsx,Pick Me Up,"sagesam,momentum,2024"
6ClLC1FYoL8orfOrcknQkk,מה לעשות עם הזאב,"almagov,איךהאהבההזאתחומקתביןהאצבעות,2023"
2CUSISoJHsVlanxEfaRn7k,Lows,"viktorsheen,planetaopic,2023"
7Jvfgj6mmATe6hq7dSdseM,Festival,"yssisb,diquenza,henkiet,dopebwoy,festival,2024"
2OR5FUKy3GQ7I9DCbRnfsW,"最後一堂課 - 《媽,別鬧了!》影集片尾曲","ericchou,最後一堂課(《媽,別鬧了!》影集片尾曲),2022"
02AZnoKXGEeOrTI9xrtOsg,Sicaria,"melgranda,jowell&randy,poobear,sicaria,2024"
7F8RNvTQlvbeBLeenycvN6,Kun Faya Kun,"a.r.rahman,javedali,mohitchauhan,rockstar,2011"
2R3jE3iK7C1Ok8eCuIFCmy,"Обичам те, ти мене - не","medi,обичамте,тимене-не,2023"
5URQsgEa4ciF01AYbIhWvO,X,"tiakola,x,2024"
4Q6eUXtjd9sbzP2orZY6x0,кончил,"enina,кончил,2024"
6Yd9s7lRWfvbXfunL6CDEH,Phendula,"babalwam,kelvinmomo,siamzizi,pisces,2024"
0H9WU0OIXPpbOVgzzOanXb,Ni Una Ni Dos,"bm,niunanidos,2023"
05sO6FK8E9l2cfwnEUTjHq,CUAL ES ESA,"feid,pirlo,ferxxocalipsis,2023"
60qIa2znv2BICoDyJS8rNv,TECHNICIAN (feat. Blaqbonez & Lekaa Beats),"odumodublvck,blaqbonez,lekaabeats,technician,2024"
5zGNZb89Vq33vOvyqjgYvF,Драскай клечката,"tsvetelinayaneva,драскайклечката,2023"
6hcCUm6ZQSVtKhpMBT3CNm,DE LA P*TA,"ginomella,jairovera,delap*ta,2023"
41ioFOtkaKOuvZbqzliDLT,Okej att dö,"miriambryant,okejattdö,2024"
6ygiy70ujkNOYXM1tQuMNe,Admirin' You (feat. Preston Pablo),"karanaujla,ikky,prestonpablo,makingmemories,2023"
5Gk7ZvxmrBbRonwlFh9STN,Unplugged - Spotify Singles,"madd,valen,unplugged(spotifysingles),2023"
6Td7nVeAOUz13zhDlUY8jv,CHEIRO NA CAMISETA,"luanpereira,hugo&guilherme,cheironacamiseta,2023"
4w3R0GZ2rScJMKlgPJzHRq,Sonne,"rammstein,mutter,2001"
0sfk352FO8bJUjWjIsyzSR,DONDE SE APRENDE A QUERER?,"mora,estrella,2023"
23y8MwhdvbSalGitHeokpk,Badass,"anirudhravichander,leo(originalmotionpicturesoundtrack),2023"
6gC4zm1oONWkl0zvo4Cwg6,Meit ei oo,"gettomasa,meiteioo,2023"
2VTLUKd4CbW14uKI973vl4,Alamak Raya Lagi!,"defam,alamakrayalagi!,2024"
7ydy7ryXw7XM5QtE3bNYaW,NO SLEEP $$$ (feat. Young Jonn),"blaqbonez,youngjonn,emekamustshine,2023"
5mjYQaktjmjcMKcUIcqz4s,Strangers,"kenyagrace,strangers,2023"
4cGPWeCfoQTw7i0wqNRcjI,Julen är här,"tommykörberg,sissel,tommykörberg-julenärhär,1993"
6RFjHcQlq5ielUHwYec9xS,RALLY DAKAR,"stormy,abduh,iceberg,2024"
57PD4mbFuszcolNv3xDd44,Knuser Hjerter,"annika,knuserhjerter,2024"
58B94xtcYMsgoafzKFhSzd,Sidewalk,"mef,argyw,whiteshadow,neverleft,2024"
1njlnn8ZKHI77Pe9szIONR,SHEESH,"babymonster,babymons7er,2024"
0M3G7kxxZt2W1T3PH97iXd,Når Snøen Smelter - fra Tre nøtter til Askepott,"astrids,nårsnøensmelter(fratrenøttertilaskepott),2021"
2oXElJdmnDXKkeWNEYiK7A,Too Busy To Be Bae,"kizzdaniel,toobusytobebae,2023"
3eJBy8zfzwcgisMj9ZmV2N,LOCKED IN,"ptk,lockedin,2023"
05msZuGKP3OCUGQnvLBOf4,My Boy Only Breaks His Favorite Toys,"taylorswift,thetorturedpoetsdepartment,2024"
1DAgXpkM6bcSbFbm7PXAFe,Svært At Elske Dig,"gobs,mellemhimmel&jord,2024"
4hFLAgCvQdngAtIhb3KaVI,Ome Robert,"joost,albino,2019"
7BZ3S5F0IRzzrC7ecSqYO2,Matrisen,"marstein,matrisen,2024"
36gyBvEg25CLp96TixmzcS,Žiburiai,"jessicashy,pasaka,2023"
1VKMKD8wUSJMljezV7NjsO,PENNY,"reezy,hamza,penny,2024"
6zuPQl2RVqQ4y5nAH61CFC,II MOST WANTED,"beyoncé,mileycyrus,cowboycarter,2024"
4QIH0XYnCLoCl1WZIV08Pn,La symphonie des éclairs,"zahodesagazan,lasymphoniedeséclairs,2023"
4E63weMCaNZuGPEFMnuEi8,exes,"tatemcrae,thinklater,2023"
3RkoMHO82pcLpCosDR7Gbj,Þegar Þú Blikkar (feat. Björgvin Halldórsson),"herrahnetusmjör,björgvinhalldórsson,þegarþúblikkar(feat.björgvinhalldórsson),2019"
0lWhFSQ7eWejR3mOYPJ4zy,Skhoon,"abduh,skhoon,2023"
7biKWZnh8o23xCGej4xHjF,Dior,"malikmontana,adwokatdiabla,2023"
0St4yTM6hCeEmguD3Orcrt,Alo Aleky,"mohammedsaeed,aloaleky,2023"
6ZLenpFuI8pxKkqmi2feSj,Meer Niet Minder,"schoppenvier,meernietminder,2023"
6aEEq4m2qAuRKV8wr3Y40Y,Zalim (Ellerine Sağlık) - Remastered,"yalın,ellerinesağlık(remastered),2004"
6KliOBbtUUSwHHFjDzYVPe,Knuser Hjerter,"annika,knuserhjerter,2024"
4Z2SnB2BnxucBFyjBT8BS5,Monos,"wang,mateosnps,homesick,2024"
7tb9Wo86D1xDkKqTbZ3J0p,Men Seni Suyemin,"sonpascal,yurt-deluxeedition,2016"
5SVo1JpFTKbTbnDXeJoL6p,Ko Tau Reikia,"adrina,kotaureikia,2023"
384mXowQJTepE6gFLOFIBC,WO BIST DU,"summercem,wobistdu,2024"
4kKdvXD0ez7jp1296JmAts,Let It Snow! Let It Snow! Let It Snow! (with The B. Swanson Quartet),"franksinatra,b.swansonquartet,christmassongsbysinatra,1994"
2vUxVG2aZe293MJQ4GtcVz,Partyson,"crismj,partyson,2023"
2uFaJJtFpPDc5Pa95XzTvg,Let It Snow! Let It Snow! Let It Snow!,"deanmartin,awinterromance,1959"
6Fftfi28Rhi62jdy7jOnIC,ARABIA,"elgrandetoto,27,2023"
5OFVzqSeFxGpvDGyHvVeLj,It's Not Right But It's Okay,"mr.belt&wezol,it'snotrightbutit'sokay,2024"
58JkIC1jK1NZNSJeLXfpWt,AK47,"men'stear,뷰티풀너드,ak47,2024"
0V0qOWYd1Oz1jGaVFii95s,Tyrs Vals (feat. Arif Murakami & Siyabång),"tyr,arifmurakami,siyabång,bedøvelsegjørmester,2024"
38XziJOR1OFb4fJ44IUrX1,3 Haselnüsse,"jaquesraupé,felixharrer,3haselnüsse,2023"
1LxaXT8hwdBWSNpOqTjF8R,giá như,"soobin,giánhư,2024"
1dhMTsEZz6ZEquGvmzVoHn,The Alchemy,"taylorswift,thetorturedpoetsdepartment,2024"
0dSkwXX1PZ9mb2O26V68bZ,VEZÉREGYÉNISÉG,"beton.hofi,0,2024"
6KDLUcxVRvXIXMexgf9x9b,PAREHAS TAYO,"nateman,parehastayo,2023"
2yC1MlysxSh2dHjSPp0ylF,Седая ночь,"ласковыймай,розовыйвечер,2020"
5vcpFz41FIfgTjv7wbrXVk,Toune d'automne,"lescowboysfringants,breaksyndical,2002"
1Ss5QjczHsdYkvNsiBmoqS,Instagram,"vibezinc,muyeez,seyivibez,instagram,2024"
0g2cQuLfbu8D5iaWQg9Txj,لما تضلم,"eldab3,لماتضلم,2020"
1MzomU1zM1oEuyIAJ1upfu,感情用事,"cyndiwang,biteback,2023"
5i3H6himHZaKZT3Dk8lr8Z,Сирень,"bakr,сирень,2022"
4sGUkfsLxIK4tZxLZt0unU,Balancen (feat. Kesi),"topgunn,kesi,dkgoat,2023"
45Mswno1F7FoZkcmQkp7fi,Thích Em Hơi Nhiều,"wrenevans,thíchemhơinhiều,2021"
305DlkOzRc0TYoKQr00Kud,NUVOLA,"holden,nuvola,2023"
3uf8kERpUgjU7cOGv1L4r3,mhm...,"azet,mhm...,2024"
2DgtPHgQeLFRAMHKIBNN4W,Hou Mij Vast,"bazart,pommelienthijs,houmijvast,2023"
6dq2NEtJvTIAIU515Pn3LM,Du er ikke alene,"victorianadine,duerikkealene,2021"
7yIIeKUxTpn36X6CFJhgEi,Reggaeton Champagne,"bellakath,daniflow,kittyponeo,2023"
0Qra8Ps4tJAZPqRXyehCjc,Heaven Knows - This Angel Has Flown,"orange&lemons,strikewhilsttheironishot,2005"
0GuWyPyj4MVvT4qYsl6BOS,Sezen Aksu,"lvbelc5,#1,2024"
5FWeCb2GK2vGopDenX0dVh,Una en un Millón,"jereklein,unaenunmillón,2023"
2gyxAWHebV7xPYVxqoi86f,get him back!,"oliviarodrigo,guts,2023"
6NC6bUY7tAIgr5xvzzZnBR,Tiya Mfana (Mzokwana) [feat. Sims Noreng],"djtshegu,focalistic,simsnoreng,tiyamfana(mzokwana)[feat.simsnoreng],2023"
0FQVI0C86ASSO1TW4YIoUG,Бавария,"vane$$a,konstantin,бавария,2023"
6UeYUsnV81SKokLaNBNSei,4x4,"bigbabytape,varskva,2023"
2d14PCvGkNZQ9oWzj27iBt,У мамы есть секрет,"monetochka,умамыестьсекрет,2024"
6AiGgiBQ2P9OshmyTCxyhQ,Na větvi,"viktorsheen,planetaopic,2023"
4dmruTsdHIOjfOIeaFitXK,幾億光年,"omoinotake,幾億光年,2024"
3oPgG0q2SRyXQUP6UQlIU2,NARNIA,"roi6/12,narnia,2023"
6vq7r1Pqd3pyI07u63cPZV,Erro Gostoso - Ao Vivo,"simonemendes,cintilante(aovivo/vol.2),2023"
3k6q0O9JnO2GhvD6C8fs20,Closer Than This,"jimin,closerthanthis,2023"
1FjTb3UQkKkXYahI27MxqJ,EN BAJITA,"reykon,elmalafama,neeus,enbajita/swaggy,2024"
7JTcRjQ2dXXuCWCBWQdrvF,Hjemme for meg,"emmasteinbakken,hjemmeformeg,2023"
00cxnSnMeTQS0gVbq3snhE,Valmiit,"kuumaa,pisarameressä,2024"
5uQ7de4EWjb3rkcFxyEOpu,Belong Together,"markambor,belongtogether,2024"
4KePlRbM1bdY6LIKH8kURb,Tu Non Sei Lei,"clubdogo,clubdogo,2024"
7BwxbmYFy0l3ROHDjV2c14,Culpable O No - Miénteme Como Siempre,"luismiguel,buscaunamujer,1988"
5QNCEZY7agUhCLWpLpGo2d,無答案,"terencelam,無答案,2024"
7LLBONqWyX3MoBvIVPu5fj,Tacata (Remix),"tiagz,fuerzaregida,elalfa,tacata(remix),2023"
1SmlDkUf67T8x2DiWyyfy4,Ding dong,"kayah,gdypadaśnieg,2016"
6FYCK8SWAFI7YOE5vc1ivG,عراقي مسرع - ملينا غربه | مطلوب اكثر شي,"m6,عراقيمسرع-مليناغربه|مطلوباكثرشي,2023"
7B0k8YTfKzj9BGVaLYXtub,POPO,"stormy,iceberg,2024"
2dMlTWQbY9tfPFLIqAa7Tv,Kahani Meri,"kaifikhalil,anmoldaniel,kahanimeri,2024"
5SCGIny6MkUG71GOpc1C4l,kõik mu süü,"säm,kõikmusüü,2024"
34Yl756FwYuZldE9xnshj5,if u think i'm pretty,"artemas,ifuthinki'mpretty,2023"
0JONs2ETXIHvYVxNris8Bf,TAXI SULLA LUNA,"tonyeffe,emma,takagi&ketra,taxisullaluna,2023"
4Z2i41GDQyu3KRpBavEnyR,Solteiro Forçado - Boiadeira Internacional,"anacastela,solteiroforçado(boiadeirainternacional),2023"
0NNYtLmfBa13Rf8nv7ONsF,Alive,"krollymusic,moonlight,2023"
4ztl8aq18Bs0EayLVB1Zvk,Мъко моя,"galena,мъкомоя,2024"
53ScG8sq3K6H9hN2aLCuwY,Къртиш,"djordan,къртиш,2024"
24R0oyjvhV4HIFFvoK3XkP,TUM BÁ TUM,"tropadobruxo,smu,djvitindopc,mcjf,mcnahara,bailedobruxo(deluxe),2023"
0PtJbtW50jcvvswNPn3QGd,Serana,"forrevenge,perayaanpatahhati-babak1,2022"
7bnO0cCQYQanUV1xKZ8XcV,Taboo,"ca$hanovabulhar,patrikloveicyl,flexsymbol,2023"
2N8gR2yftrHbZR53U5kYnX,Would You (go to bed with me?),"campbell,alcemist,wouldyou(gotobedwithme?),2023"
0JXXNGljqupsJaZsgSbMZV,Sure Thing,"miguel,alliwantisyou,2010"
7hcU2QzT149fKRIuX0SitB,Юрфак,"grebz,styleinmc,2023"
5dQ174Gi0u3FOq0xF32PEr,Erotyczne Pif-Paf,"figoisamogony,erotycznepif-paf,2022"
65UYDPpevMJa6zmrEufj4T,Konstnärer,"asme,shiro,spåravblod,2023"
6tbEF9YpayX9uqAA5ezx1j,Nārnija,"olas,esmeralda,heywhosthatkid,nārnija,2024"
14YZcGhRR05BTYajt8f9u9,B.A.D.,"denisejulia,p-lo,b.a.d.,2023"
5b5cPscqVEMChvDqscVw26,Training Season,"dualipa,radicaloptimism,2024"
4SxcFcdTrSpYPvANjtdlWY,Svingensongen,"oddnordstoga,julisvingen,2006"
0SBB8Zx1d3WHMMLc3OcufU,Blázon,"nerieš,peterpann,hello,2024"
0SpkyS1Q4MD8GaVcP5YjT4,Sunsetz,"cigarettesaftersex,cigarettesaftersex,2017"
70jiETKdlLEram2zJSHdHH,FΛSHION,"britneymanson,fλshion,2023"
1rXxK89X0XGpIdTB6CwiFu,A Puro Dolor,"gabitoballesteros,apurodolor,2023"
1whAXVGN8AdfrnoXNIXfJf,Truth or Dare,"tyla,tyla,2023"
0fABszUFNbNq9IW503Gj8v,Tá OK,"dennis,mckevinochris,táok,2023"
0Ys2kSfWVriB10t17eHqm4,Taka sama,"wersow,friz,takasama,2023"
7BVMtLpd7edHeOizt4RWz9,Frágil,"yahritzaysuesencia,grupofrontera,obsessedpt.2,2023"
7d391WfC0HtftRcetDFQUy,Nouvelles,"plk,2069',2023"
1wC8M93ofAwfrV9a4mDzYa,Це любов,"kalushorchestra,целюбов,2023"
2xZ6qOGFvlwm4VTlhrErPG,überall,"esthergraf,montez,überall,2024"
2rui6bCZAz3yJ7YFQeyWMq,Guld Jul,"gulddreng,guldjul,2016"
449TMXEYrsYEa3ERiDVcVJ,CTT,"lilcagula,mgk666,ctt,2023"
2UC5XnHA1Wn9FjQmbjNca9,L'aventurier,"indochine,l'aventurier,1982"
06qMRF18gwbOYYbnP2du6i,Last Christmas - Single Version,"wham!,thesingles:echoesfromtheedgeofheaven,2023"
1elmYn9vrSnQzs44rJcVY6,Head Down,"lostfrequencies,bastille,allstandtogether,2023"
1K39ty6o1sHwwlZwO6a7wK,Wildest Dreams (Taylor's Version),"taylorswift,1989(taylor'sversion),2023"
20bTkdvyWZjO4ORHmzXQR4,"EVERYDAY (feat. Shiva, ANNA, Geolier)","takagi&ketra,shiva,anna,geolier,everyday(feat.shiva,anna,geolier),2023"
0oPdaY4dXtc3ZsaG17V972,Feliz Navidad,"joséfeliciano,feliznavidad,2002"
1MgV7FIyNxIG7WzMRJV5HC,my tears ricochet,"taylorswift,folklore,2020"
1cnkQScXEGBZKqqy6EjVZo,NIE MA CIĘ,"fukaj,charliemoncler,bambi,preludium,2023"
4byN4ZkSeZPyuqiRm0oa9x,Visszasírtok Még Engem,"t.danny,ezernap,2023"
6EYUFHYAD9Czulo0n6X3Gu,A l'envers,"plk,chambre140(part.1),2024"
7GAi2oVUykl3Zlw4zBlaRp,Kitartást,"pogányinduló,kitartást,2024"
2T8ppyUVF1TJT1Mjd7nmWK,永久損毀,"mc張天賦,pantherchan,treble,2024"
2psRActEWsTlYYd7EDoyVR,Those Eyes,"newwest,basedonatruestory...,2023"
2xP7OHLvsj2XJgVb5qbFUK,名字,"ronghaoli,名字,2024"
5CVzlpSX7O8InwOvubCBXd,Prietena ta,"satrab.e.n.z.,aldutssherdley,8culcat,2023"
5zCnGtCl5Ac5zlFHXaZmhy,"Sajni (From ""Laapataa Ladies"")","ramsampath,arijitsingh,prashantpandey,sajni(from""laapataaladies""),2024"
4d5X0sNuIkkQqAFIOqr5GB,LoveMeLess,"trust'n,lostinallthis,2024"
7BHYrsEYySLRs6PcZvvFEm,No Woman No Cry,"t.danny,youngfly,ezernap,2023"
3SSe3pzhdtPrVN0AqzUkx0,Mungkin Aku Tak Penting? (feat. Tish Errda),"luqmanpodolski,tisherrda,mungkinakutakpenting?(feat.tisherrda),2023"
54W6vz0JQoTmbxK4bvVECc,Ma Chérie,"similivinlife,machérie,2024"
6C4nUySvjSQWoZamSKJBqH,Mala dos Porta-Mala - Ao Vivo,"gusttavolima,matheus&kauan,paraísoparticularvol.01(aovivo),2023"
1Eaiv6OMMwO3v4iWl4eHHY,Motyle,"sylwiagrzeszczak,motyle,2024"
7yNf9YjeO5JXUE3JEBgnYc,Babydoll,"dominicfike,don'tforgetaboutme,demos,2018"
0ifihkLHfnm6Ym3jekzZQv,Euro Gangsta,"madclip,eurogangsta,2023"
4X2vrRE8Pi5hBMbWRjofAU,NOLOVENOLIFE,"hieuthuhai,aicũngphảibắtđầutừđâuđó,2023"
2ZTxf5fvD1tXEEyjUcYxN1,ATOUTALER,"lila,beyond,sinlaurent,atoutaler,2023"
41LNS5mM6g2l6VsySUjfMJ,Lauzto šķēpu karaļvalsts,"dons,lauztošķēpukaraļvalsts,2023"
2ZN6OQlu5FR5fBEv5lf6gH,Twerka,"djmaphorisa,shebeshxt,xduppy,twerka,2023"
4vNKHwa5g74XB9iUaAIF42,All I Want For Christmas Is You,"evnbttr,alliwantforchristmasisyou,2021"
4tsVMjM60RNTe9EV5oQ4sQ,Masithokoze,"djstokie,eemoh,masithokoze,2023"
3mCCFs2hdDM2mObzARzxOg,תיק קטן,"ness,סטילה,תיקקטן,2023"
15GcuHNJMf7LqwpU3N4Puw,Luces Tenues,"anuelaa,lucestenues,2023"
4yNtO1F3flXZ4v3Ry1MzuP,COME THROUGH (feat. Abdullah Maharvi & Talha Anjum),"umair,abdullahmaharvi,talhaanjum,rockstarwithoutaguitar,2024"
3bSdSvGsYkPE48DktgEBZl,Language Outro,"aarne,aalanguage2,2023"
6IVIMUcrykPBQqWVA0g7zw,חרבו דרבו,"ness,סטילה,חרבודרבו,2023"
2X6nInxASivyRpPPNToiD0,بونجور هلعب جولة وطفو النور,"eslamkabonga,بونجورهلعبجولةوطفوالنور,2023"
4GK4mydvnsodLEHWb4zJV4,Sunnanvind,"mares,sunnanvind,2019"
3r9OpHiEaeMaBOa7kVtWtC,Tengo Un Plan,"key-key,tengounplan,2024"
4exL6dbobrj1WM2HmNvBJc,Malaika,"vibezinc,seyivibez,stonebwoy,malaika,2024"
27ze5t5tIDPlVits0KRbxT,El Perdedor,"aventura,k.o.b.live,2006"
6jRFRjOhfwoZTfnEo6gr6g,Směj se teď,"sergeibarracuda,smějseteď,2024"
4dv9FqitPO8aBiV3faXtZw,Valdes Jul,"christopher,newchristmassongs2023,2023"
1VfR7wqvEB9vQZrpizMRmf,براحة يا شيخة,"bahaasultan,براحةياشيخة,2023"
3X6DHQxD7T4eZTsRKYfU2l,Kom & Gik (feat. Hans Philip),"noahcarter,hansphilip,noahsark,2024"
1b5uWFxqByS6LvcXIMQBrz,prettyboi um jólin,"patri!k,prettyboiumjólin,2023"
5OVD56aqdB0BmEzFXwvito,Ride or Die,"waima,oki,szpaku,kaptur,cameleo,2023"
3eEmnKzTC4M0lkRhYDmbje,ALILOUYA,"rack,ortiz,grande,2024"
7spAR93xvPOfkxIeTGbpPf,Tas Texteandome,"katteyes,kiddvoodoo,tastexteandome,2023"
04g4813XfiSFRpfD1eo67d,In der Nacht,"01099,trettmann,gustav,zachi,blauestunden,2023"
4aEOz6ZpXh3wF4FOdJHOPV,Escápate Conmigo - Remix,"wolfine,ñejo,escápateconmigo(remix),2012"
4WYbYaibpIWj1FLbMUH2Yb,Showa,"kizzdaniel,tza,2024"
175j7VZSSSQIMA0TDncqXU,Lindo De Verdad,"donaty,lindodeverdad,2023"
0R7rw7i4pd27isZrMen0X7,Sportskrave (Stag 2024),"magasinet,bibbebaby,b.g,stag2024,2023"
67H9KjiRQBgDoOHmGZSncM,Ennen vanhaan,"costi,coasttocosti,2023"
4P62OAoBti8I0OusyVFQJc,Asambe,"ggoldie,chley,ceekarsa,t.m.a_rsa,rivalz,asambe,2023"
32Pdf9eyXDEMoClEJW6yYP,Interaksi,"tulus,manusia,2022"
4VHKOThPROw1Qo1a43Am8S,Fashion Girl - Remix,"kiddvoodoo,youngcister,fashiongirl(remix),2023"
5Yx3xbh3ob1TzcSkTZRYjT,Ka Valungu,"tebzadedj,djnomzatheking,kavalungu,2023"
5YdpLxge3UzTHymkQ6XCf4,Due principi (feat. Emis Killa),"neimaezza,dystopic,emiskilla,piccoloprincipe,2024"
3Frg7nyANyCvDpbyaOxtdf,擁抱後的歌,"陳卓賢ian,擁抱後的歌,2023"
1ItgJjKs4DIG9wWh9vaKwP,Grabándote:),"kiddvoodoo,swift047,losrompecorazones,vol.2,2024"
2GUp5FWzjfs422g45y16HQ,Bersamamu,"jaz,bersamamu,2023"
0GFJI3tJuE9S3su4H8Co2G,Je Ka Jo,"icekiid,jekajo,2023"
1p77bVbZdKaMv4CgRys5Gu,"Bula Nthweo (feat. Jelly Babie, Xduppy, Uncool MC & Ricky Lenyora)","vetkuk,mahoota,djmaphorisa,jellybabie,xduppy,uncoolmc,rickylenyora,bulanthweo(feat.jellybabie,xduppy,uncoolmc&rickylenyora),2023"
2XFfFjfXBNns7lqliJGwm1,Kolpa,"flylo,kolpa,2023"
1bG6Q8sR8jda7ryI365y8o,Những Lời Hứa Bỏ Quên,"vũ.,dearjane,nhữnglờihứabỏquên,2023"
4PW9WvbhNlrFoThvc7zheh,Sterrenstof,"dejeugdvantegenwoordig,delachendederde,2010"
3PdxzrKH2jVQwAYWe0OMK8,Proyecto X,"gabitoballesteros,natanaelcano,proyectox,2024"
1f4EEouaax3HMfIBdNd7IX,Virheet (feat. Bee),"hugo,bee,virheet(feat.bee),2024"
2BpzWytgabzoy6xYi1H66R,Amarties,"wang,mateosnps,homesick,2024"
6Jtf3cPXFDqecyFiqbr9Fc,Huma Kusu - Soulful House Mix,"mr.id,yahya,diass,humakusu,2024"
7AVc0FQzRUopEBdSxzpeSQ,Ég hlakka svo til,"svala,björgvinhalldórsson,jólagestirbjörgvins:vinsælustulögin1987-2014,2015"
6hSs4NAiWub47nULLBtUj1,Tropa do Flamengo,"chefin,mainstreet,lbúnico,tropadoflamengo,2024"
2trqztH7oPUwOKMf8FqfvV,Трезво,"aarne,дора,aalanguage2,2023"
6DWdnk9LMllUeXYpv5LVpW,Кеттiк,"irinakairatovna,кеттiк,2018"
1TEKUj8c5iyRNUUxo9SdSD,Modo DND,"xavi,tonyaguirre,mododnd,2023"
4sI0wnGxTmdQ3DHGqNjfsp,ÁSTIN MÍN REMIX (feat. Floni),"daniil,floni,ástinmínremix(feat.floni),2024"
1lBEW5UIIAJeOG4b2JGn9N,Alleen Zijn,"kevin,idaly,wonderland,2023"
31B55RtdFbmnzmyPhT7TY8,Ваниль,"обильный,2012-2021,2022"
7HmE17lcfpENCJkuurXDvh,Dalie,"kamomphela,tylericu,khalilharrison,babys.o.n,dalie,2023"
7tD4VqvtS5520v6U3KlK7K,Vida Boa,"davidcarreira,juliette,vidaboa,2024"
0NJAqnvbF6vzripOB7PclP,Babaero,"gins&melodies,hevabi,babaero,2024"
2sj5vf9ss7eUxSIVUp50EW,Koka Shem,"made,bayor,rasa,skandal,shabab,baré,kokashem,2023"
0XzWcSh30W1H1o4ZiyI90j,Floden,"emmasteinbakken,hvergangvimøtes,hvergangvimøtes2023,2023"
5S8zFPQ3KIlF2y9Kt8mRhg,¿Cuál Es Su Nombre?,"luckybrown,jereklein,mateoonthebeatz,eldelanuevababy,2023"
77qp2lzKsMmOeyKbtnoSVI,„Tak to leciało!”,"otsochodzi,tacohemingway,lohleq,tthegrind,2024"
3JozQbIWMHBTKIghXKehVy,Commas,"ayrastarr,commas,2024"
7kvQDzIegURcWHLC0fZfrQ,Ancora,"rhove,ancora,2023"
1Mo0mUoAJ15QaYRYjlcI2Y,Barbie,"ropexlaterio,pariskalpos,barbie,2023"
2t0LrmYXjzK0ZeVlTcXjvN,مهرجان بنكش علي شغله - واقف علي الامه - خصمي ده جالي جهتي,"faressokar-فارسسكر,مهرجانبنكشعليشغله-واقفعليالامه-خصميدهجاليجهتي,2024"
3JyjVg9S9EkapeE042zpgY,TOCHNA DOZA,"v:rgo,mishell,tochnadoza,2024"
1Ki7FuiF2krk4lD8zjV3Nz,ADDERALL,"kukon,brodka,adderall,2023"
3ElzGGiQ4ehegbG7dLIka7,FUJI,"number_i,goat,2024"
4hKLzFvNwHF6dPosGT30ed,Novo Balanço,"veigh,bvgabeatz,prodmalax,supernovaent,dosprédiosdeluxe,2023"
6hv8hai0yo19JF2c6pppj6,GTA.mp3,"emilia,.mp3,2023"
0i9RysNKssk6syOrKDX3U2,FLEURS (feat. Tiakola),"gazo,tiakola,kmt,2022"
2XHozQfA0T57iHczS9N4sl,MINI TERORISTA,"jeffredd,miniterorista,2024"
1u2disQzfl3rUEhfZx35gL,Gülüşüne Yanıyorum,"amo988,gülüşüneyanıyorum,2024"
7Ia618v9vTRNpaZXtBsHrt,ХУДРИЧ,"gone.fludd,худрич,2023"
0nNlBtm1vuo9vlU9PYYuc5,MOTORA,"bres,verde,motora,2023"
6kC8PTMYaP5X3e5Zu0QyM0,Ramadan Karim,"hakim,ramadankarim,2017"
3ACyO7Li3BD8rUsZlzheJe,"Agente (feat. Emis Killa, Jake La Furia)","babygang,higashi,emiskilla,jakelafuria,l'angelodelmale,2024"
47M1C7HdqcWaU5jfN2VCLZ,KE MAL,"jereklein,mateoonthebeatz,énfasis,2023"
16HcSqHWoJn7Be4T2MOCZ4,גן עדן של משוגעים,"ששוןאיפרםשאולוב,גןעדןשלמשוגעים,2023"
3PgjBOoA5OytNGkglObpOd,Sa Susunod na Habang Buhay,"ben&ben,sasusunodnahabangbuhay,2020"
1osPz2rgtdywUR6ut6eIMU,Satama,"kuumaa,satama,2023"
3aypmO20NtT2LKFag6ek9Y,Werkpaarden,"glades,lijpe,boef,3robi,werkpaarden,2024"
4sbl4SNfBkfijDEiaijhcC,Schloss aus Sand,"1986zig,schlossaussand,2024"
47l3syDKFT3PPonobpm1NA,ARABA,"sefo,araba,2023"
18NiVEPOyvGYcPswG6uxDJ,Тетяна,"schmalgauzen,тетяна,2024"
3CdFVH8SOVnvT0sJLT198p,ISOS,"sicario,hmaska,2023"
30KLjH8zu6QFz1LxbTMu6u,GOD LAUGHS,"a-reece,sjava,shekhinah,p2:thebigheartedbadguy,2023"
0i1G8lq7OoE2Dverts6OoC,Oh Kom Er Eens Kijken,"alleskids,sinterklaasliedjesalleskids,sinterklaasliedjesommeetezingen,2020"
2ddbldKhKrYvOBbYa87cbj,Dành Hết Xuân Thì Để Chờ Nhau,"vũ.,hàanhtuấn,dànhhếtxuânthìđểchờnhau,2024"
7chTH3GBjjAyagf0SPCZDL,SI SABE FERXXO,"blessd,feid,sisabe,2024"
2GgLLdsRjbiAtN5nfm7i7i,Miyabi,"pro8l3m,proxl3m,2023"
1ThEP94Iih9kvh08PJERVF,Дорога домой,"whitequeen,дорогадомой,2024"
2qSkIjg1o9h3YT9RAgYN75,Espresso,"sabrinacarpenter,espresso,2024"
3DlxdVsJHBCvUk3zVMGJeF,Paranoid,"rocboyz,vcbarre,paranoid,2023"
60LatrTBnphlOyfczM6cUa,Musta Kissa,"jamifaltin,mustakissa,2024"
7BqBn9nzAq8spo5e7cZ0dJ,Just the Way You Are,"brunomars,doo-wops&hooligans,2010"
5RX8T3EoTuXcybAxe6oPAw,Cha Cha Cha,"käärijä,chachacha,2023"
3q6ayHzfLJIx22oQXoYlyi,DEJA VU,"lila,rack,beyond,dejavu,2023"
7L7fhdO5F0tPnt6ILSgj58,SPUNE-MI,"nouaunspe,spune-mi,2024"
4xAGuRRKOgoaZbMGdmTD3N,Oi Balde - Ao Vivo,"zéneto&cristiano,escolhas,vol.2(aovivo),2023"
2v1ivOOsgn64g5OywuH55L,The Smallest Man Who Ever Lived,"taylorswift,thetorturedpoetsdepartment,2024"
3moDqdYK90QDw3Lk9q5yDE,Mam Cię,"paluch,miroff,poly,mamcię,2023"
2hVnTuP0zdUEwHhME9ThnC,سيبك من كرته المواقع ( خد كشاف انا عارف انك ياض بتخاف ),"ameenkhattab,سيبكمنكرتهالمواقع(خدكشافاناعارفانكياضبتخاف),2023"
25yBeIWwwD870aYq18jvT1,heikki???,"nublu,heikki???,2023"
2KpulNb5RWB2flro8HYm3K,Graffiti,"gmg,graffiti,2024"
6me7F0aaZjwDo6RJ5MrfBD,Evergreen,"richymitch&thecoalminers,rmcm,2017"
1V0fn2z6DXgpCAeyC0qd9k,Wet on Me,"shallipopi,zerrydl,presidolapluto,2023"
14QQ5csP9PrNTsVkbol8Kb,Place I Call Home,"ziferblat,placeicallhome,2024"
6XaJfhwof7qIgbbXO5tIQI,Igual Que Un Ángel (with Peso Pluma),"kaliuchis,pesopluma,orquídeas,2024"
59nOXPmaKlBfGMDeOVGrIK,WAIT FOR U (feat. Drake & Tems),"future,drake,tems,ineverlikedyou,2022"
0ofHAoxe9vBkTCp2UQIavz,Dreams - 2004 Remaster,"fleetwoodmac,rumours(superdeluxe),1977"
43PiEypaceH339CSNiggyj,BBY BOO - REMIX,"izaak,jhayco,anuelaa,bbyboo(remix),2024"
65irrLqfCMRiO3p87P4C0D,Frosty The Snowman,"ellafitzgerald,ellawishesyouaswingingchristmas(expandededition),1960"
0Cnw4vb7xbbl6bkUaDcMaJ,Saga,"booba,advitamæternam,2024"
7ME2ZENU0G5H7IlnPbWvOv,سيبك من اللي خلع - من فيلم حمص وحلاوة,"mahmoudelleithy,essamsasa,سيبكمنالليخلع(منفيلمحمصوحلاوة),2023"
26cvTWJq2E1QqN4jyH2OTU,Tak Segampang Itu,"anggimarito,taksegampangitu,2022"
0wQy2OO7jKjm0OOmA7gv3f,Thriller - 2003 Edit,"michaeljackson,numberones,1979"
6WrwKvip8DCxbcs4LXsYwT,On My Love,"zaralarsson,davidguetta,venus,2024"
53AWZCqbx6kIPsVgSNYn92,"PRAISE THE LORD ☥ (con Guè, Noyz Narcos, Tony Boy)","mace,tonyboy,guè,noyznarcos,māyā,2024"
3TKvSQgSlmPugIx0HnsDOW,Barn som deg,"matoma,gabrielle,hvergangvimøtes,barnsomdeg,2023"
3ng8tfwvzR4BBwa9yaMms6,BADGYAL,"saiko,jcreyes,sakura,2024"
2397a6AORuCQv5NAJkGyAe,RAMBO,"rack,oge,grande,2024"
1sqe31TzOsjCeex1INgmsq,Hier Mag Alles,"donnie,marcoschuitmaker,hiermagalles,2023"
0qEyAUuAcmXEn54vqCZrRo,VENDETTA,"rack,menju,oge,vendetta,2023"
7irTyPzSyqSbeUXbYsTR5j,LATTE (feat. Maria Becerra),"theacademy:segundamisión,dalex,lennytavárez,sech,justinquiles,dímeloflow,mariabecerra,theacademy:segundamisión,2024"
4yXfjXz2RKFFUS610RaRiw,Bonnie & Clyde,"nouaunspe,bonnie&clyde,2022"
5VZ0soW5syQfefCUj603DW,MASHA ULTRAFUNK,"histed,txvsterplaya,mashaultrafunk,2024"
17SRuSYEW2fdGok0m0vAsO,LOCA FARANDULERA,"jereklein,crismj,énfasis,2023"
4IR5cCTkL4DjgJwtSijbjL,Pardes Katenda,"adnandhool,pardeskatenda,2023"
5wTyujDdXNA0tuTN6ZiNk9,Styttist í það,"baggalútur,bryndisjakobsdottir,jólasjór,2023"
2uWZ7EGddFlA1DJ3Rzzvs2,Bachke Bachke (feat. Yarah),"karanaujla,ikky,yarah,makingmemories,2023"
1CcLA0eaauck34YEIrvAAq,When We Were Young (The Logical Song),"davidguetta,kimpetras,whenwewereyoung(thelogicalsong),2023"
0FXdKliEXDHnIDnCqJu3Xa,Sistem Otoman,"tonyone,costelbiju,sistemotoman,2024"
4HLYZKtAd0hUYVpe8NywZr,SEX TAPE,"øzi,落日飛車sunsetrollercoaster,sextape,2024"
3NwmvlTYDZPRBGDMGgJH8K,Safety Off,"shubh,leo,2024"
5RJcEoBhxDo8QgmKfr3JG8,NOTRE DAME,"gazo,tiakola,lameloestgangx,2023"
1d5lpW3gUyq537iuyrb9Lf,Samjho Na,"adityarikhari,samjhona,2022"
7yCF65vpc7sUwPjftI0iFb,Happy Nation,"aceofbase,happynation,1992"
4IvZvCRIZ38fFL5kAPjeOB,Strawberry Dream,"dagny,strawberrydream,2024"
6HbB6lZUsVqy3ecSga9DFv,DYTA MAY,"elalfa,elreydeldembow,2023"
4VI4yOAb7fWrFCnuGBIaeG,Carta Aberta,"mccabelinho,cartaaberta,2023"
4xdl8WUxPsgG0gZdIP4yS8,Vamono Lejos,"engelmontaz,sacramrmelody,vamonolejos,2024"
73b9g7mz0PGG7NrwZm9xly,moonlight,"sofianmedjmedj,moonlight,2024"
7DSAEUvxU8FajXtRloy8M0,Flowers,"mileycyrus,endlesssummervacation,2023"
0zY2rypOdM8xmsf4tUyafF,Supernova,"saiko,supernova,2023"
4VCvC5CL6vKbi7wMaY3G9j,Minns ikväll,"mapei,minnsikväll,2023"
7dKqPh21HpsysZvRWyNeM1,Bênçãos Que Não Têm Fim (Counting My Blessings),"isadorapompeo,bênçãosquenãotêmfim(countingmyblessings),2023"
7n9yIgajIVzhOzl0MDCezD,Dopamina,"aleshen,dopamina,2024"
6uNSbvWZgNkBWw3MP7bpnf,N'aptığını bilmesem de,"blok3,n'aptığınıbilmesemde,2023"
1Jx6aZyJR985kw8CWUZ15O,צמוד צמוד,"omeradam,odeya,shrekdimc,צמודצמוד,2024"
6KRj0vz2JEk8Ykt1Q0KKZX,เพลงที่เธอไม่ฟัง,"bedroomaudio,album,2021"
6Yu03XnLWHxvBPbu7tzYBe,WELD LAADOUL,"elgrandetoto,weldlaadoul,2023"
68OXeY9CUQebrOAAh3b3Jw,LA CAPI,"myketowers,lveu:vivelatuya...nolamia,2023"
0EEHEqDDKTVvfnlNAeAzBu,Spinner (feat. Makar),"gilli,makar,kikoclub,2023"
4f62bZPnqVJycmFJQVsAA9,一起寂寞 Lonely Duet,"fengze,艾薇,一起寂寞lonelyduet,2024"
3QpDKVHmf9RDQkJbAUNWzI,Digitando,"gustavomoura&rafael,digitando,2023"
1nzOUWyHoZLzf9EX0pnFPn,leavemealone,"fredagain..,babykeem,usb,2024"
5Y8Zbqlmx97hTM8y5kqo0x,Sensations,"jul,sensations,2023"
2QK2JrRrO9FdClriT4xyUZ,Valge Valgus,"liislemsalu,valgevalgus,2023"
5RNZaMaGSxrTkNVsMUqPOk,La Ca$$a (feat. Artie 5ive),"capoplaza,artie5ive,ferite,2024"
7dPdKXZjt04R6Ne7vWXZIh,Love Song,"マルシィ,candle,2023"
6HuNgzEw9b4tDcSDCQBS1O,Fånga mig när jag faller,"victorleksell,fångamignärjagfaller,2023"
43IB8nJZTAmlJi9eBAmTrJ,(nendest) narkootikumidest ei tea me (küll) midagi,"5miinust,puuluup,kannatusedehkkülakiigelpolestopperit,2024"
630DpnzdfjdVqv2yLfPbAX,Bertaut,"nadinamizah,selamatulangtahun,2020"
2TJwLuMXC0CZHmz5AgxELA,Livet Er Kort,"gobs,mellemhimmel&jord,2024"
0NfRszAHHTci3p02z41Gra,Dėl Tavęs,"jessicashy,pasaka,2023"
